篇名	作者	页数	关键词	摘要	filename
跨境B2C电子商务背景下文化价值观对顾客初始信任和购买动机的影响研究	颜慧:43739903|杜荣:09086803|张卫莉:11632345	14	跨境B2C电子商务; 文化价值观; 初始信任; 信任倾向; 购买动机;	"在跨境B2C电子商务背景下,不同国家的顾客在文化价值观上的差异会使其对同一平台产生不同的信任,从而影响购买动机。结合Hofstede文化维度理论和文化族群理论,本文构建了""文化价值观―信任―购买动机""模型,以远东族群和独立族群为例,探究文化价值观对顾客信任倾向的影响及其对顾客初始信任和购买动机之间关系的调节作用。结果表明:集体主义、刚性、权力距离对信任倾向有负向作用,而不确定性规避对其有正向作用;不确定性规避正向调节初始信任对购买动机的影响效果,而其他维度的调节效果并不完全显著。以上作用结果在两种族群中有显著差异。 "	XTIB201901003
降价式拍卖中消费者重复购买的影响因素研究	王星:10375181|杨波:09645997|马茜:45145482	15	降价式拍卖; 重复购买; 面板数据; 随机效应模型;	"如何促进消费者重复购买,是每个电商企业都很关注的问题。本文利用贡天下特产网""7天拍""和""15分钟拍""的大量真实拍卖数据,采用统计分析和面板数据回归结合的定量研究方法,研究降价式拍卖场景下消费者重复购买的影响因素。结果表明:拍卖形式、消费者绩效、竞拍结构三方面因素对消费者重复购买有显著影响,以此建立了消费者长期和短期重复购买率的随机效应回归模型。本文研究结论对现有拍卖研究和消费者重复购买行为研究具有理论补充和实践意义。 "	XTIB201901004
在线股票社区用户参与行为研究――基于股吧的实证分析	高娇娇:45145483|张仁杰:34082682	13	在线股票社区; 社会网络; 指数随机图模型; 发回帖行为;	"在线股票社区是股票投资者进行交流的重要渠道,他们通过发帖和回帖行为实现信息的传播,而信息的传播对投资者情绪有重要影响。本文以""股吧""论坛的""股市实战""版块为研究对象,研究了论坛用户发帖和回帖行为的特征。结果表明:用户多在股市开市期间进行发帖,且大多数用户是信息的""接收者""而非""发送者"";通过构建指数随机图模型发现互惠性在用户回帖行为中较为活跃;该回帖网络存在一定程度的小团体特征;高社会资本的用户是论坛中发回帖行为最积极的用户,他们的言论会对其他用户产生重要影响。 "	XTIB201901005
网络口碑发布平台对消费者好评意愿的影响研究――消费者自我意识的调节作用	于贞朋1:30908213|霍佳乐1:45145484|刘健西2:09790958|曾慧3:25771112|郝辽钢1:09159312	12	网络口碑发布平台; 社会交换理论; 好评奖励计划; 自我意识; 好评意愿;	"本文基于社会交换理论,探讨了在物质奖励情境下,不同网络口碑发布平台对消费者好评意愿的影响。结果表明:第一方平台比第三方平台带来更低的消费者感知社会成本、更高的感知价值和更高的好评意愿。同时,消费者自我意识在不同网络口碑发布平台对消费者反应的影响中起到调节作用。与此同时,研究结果还证实了感知社会成本是不同网络口碑发布平台对感知价值影响的中介变量;感知价值是不同网络口碑发布平台对好评意愿影响的中介变量;感知价值是感知社会成本对好评意愿的中介变量。 "	XTIB201901006
旅游网络舆情诱发机制与影响效应研究――基于雪乡宰客事件新浪微博评论的内容分析	刘嘉毅1:31761872|陈玉萍2:39681063|华丽1:26628447	13	旅游网络舆情; 雪乡; 内容分析法; 影响效应;	"以雪乡宰客事件的新浪微博评论文本为数据源,运用ROST内容挖掘系统和NLPIR平台进行内容分析,研究旅游网络舆情诱发机制及其影响效应。结果表明:旅游业主道德缺失与从业人员道德风险、旅游产品季节性等主客观因素,让当事人利益受损;制度失灵与市场失灵的认知偏见,改变了利益诉求行动的成本与收益预期,使得当事人采取利益诉求行动的激励缺失,引致调节阀失效而诱发舆情。雪乡旅游网络舆情的负面情感占比为56.21%,给雪乡带来强烈的负面形象冲击,并导致网民产生取消行程、转移旅游目的地等行动。研究结果也发现,雪乡旅游网络舆情的影响存在明显的空间溢出效应,导致东北地域污名化。 "	XTIB201901007
基于不同视觉对象结构的拟人化广告形象生动性对消费者产品态度影响研究	李伟:10576354|蒋玉石:09178689|苗苗:09161178|王钰灵:42182660	21	拟人化; 视觉对象结构; 认知流畅性; 感知信任; 心理距离;	"拟人是赋予产品具有生命体的语言、动作、思维和情绪,拟人化广告形象对消费者产品态度有重要影响。基于信息加工理论、社会临场感理论、精细加工可能性模型和S-O-R模型,通过情景实验,建立了结构方程模型,验证了拟人化广告形象生动性对消费者产品态度影响的内在机制。结果表明:拟人化广告形象生动性对消费者产品态度有正向作用;认知流畅性、感知信任和感知心理距离在拟人化广告形象生动性对消费者产品态度的影响中均起到中介作用;视觉对象结构在拟人化广告形象生动性和认知流畅性、感知信任、感知心理距离和产品态度的关系中起到调节作用。 "	XTIB201901008
新创企业知识资本与产品国际化――兼论互联网资本的调节作用	赖长青:43094501|王舒扬:38754480|吴蕊:38841957	18	新创企业; 知识资本; 互联网资本; 国际化;	"本文聚焦于新创企业的知识资本与产品国际化,并探讨互联网资本在二者关系中所扮演的角色。基于2010～2015年全球创业观察数据,研究发现:新创企业的知识资本对产品国际市场进入与产品高度国际化都具有正向影响;互联网资本对知识资本与产品高度国际化的正向关系具有负向调节作用。结果表明:对于知识资本缺乏的新创企业,在产品国际化时可考虑利用互联网资本来替代知识资本。 "	XTIB201901009
高科技初创企业融资成功关键因素分析	刘婕:45145485|余艳:27739266	15	高科技企业; 创业; 融资; 融资体系模型;	"随着技术进步,智能产业蓬勃发展,大众创业面临新的机遇,风险投资随之兴起。从投资人视角来看,某些关键因素会决定他们是否会给企业投资。本文在回顾以往创业要素模型的基础上提炼出适合于中国高科技创业企业的融资因素模型,通过对200家企业的实证分析,发现在不同阶段,高科技创业企业的某些特质会起到差异化的影响,以此构造出融资体系模型。本文的实证分析突显了高科技初创企业的创业能力,特别是技术创新力,是融资成功的第一关键要素。本文经实证分析所推演出的融资成功的阶段性要素模型将对创业者和融资者均有管理启示。 "	XTIB201901010
互联网营销领域的行为价格研究综述	"宋红娟1,2:42887125|杨强2:24065114|蒋玉石2:09178689"	28	行为价格; 信息处理; 文献计量分析; 文本挖掘;	"行为价格通过从心理学角度探索消费者对价格的反应来扩展传统的价格理论。随着这一研究领域的不断发展,本文回顾了消费者对价格信息的处理过程和消费行为的相关文献,着重分析普适性行为价格理论的同时突出了互联网时代行为价格的实证研究。以ISIWebofScience数据库为数据源,将传统文献综述和文献计量分析方法相结合,重点综述和讨论排名前20的营销期刊公开发表的有关行为价格的文献,对行为价格的研究进行概念化,确定研究主题网络,并讨论该领域多产的研究作者、研究机构和学术期刊。 "	XTIB201901011
内容简介		1	 	"<正>《信息系统学报》是我国信息系统科学研究领域的唯一专门学术出版物,被信息系统协会中国分会指定为会刊。《信息系统学报》倡导学术研究的科学精神和规范方法,鼓励对信息系统与信息管理领域中的理论和应用问题进行原创性探讨和研究,旨在发表信息系统研究领域中应用科学严谨的方法论、具有思想性与创新性的研究成果,并在国际学术 "	XTIB201901001
主编的话		1	 	"<正>本期是总《信息系统学报》第22辑,共收录8篇研究论文和1篇领域综述。此次所发表的8篇研究论文呈现了高度多样化的研究视角和方法。在跨境B2C电子商务背景下,颜慧等的论文构建了""文化价值观―信任―购买动机""模型,以远东族群和独立族群为例,探究文化价值观对顾客信任倾向的影响及其对顾客初始信任和购买动机之间关系的调节作用;在电商企业视角 "	XTIB201901002
社会化媒体中突发公共卫生事件舆情传播规律研究	丁学君:11156823|樊荣:37223354|苗蕊:26905242|王莹:06571509	14	社会化媒体; 突发公共卫生事件; 网络舆情; 社会网络分析; 信息空间模型;	"社会化媒体已经成为突发公共卫生事件舆情传播的重要渠道。因此,分析社会化媒体中突发公共卫生事件舆情传播规律,对于相关部门制定有效的舆情治理策略,具有十分重要的意义。本文以新浪微博为例,以不同类型的""关键节点""为中心所形成的舆情传播网络为研究对象,运用信息空间模型及社会网络分析方法,将节点特征与网络整体结构特征相结合,分析社会化媒体中突发公共卫生事件舆情传播规律,并进一步探究""反沉默螺旋""效应下网民情绪的演化过程,最后给出社会化媒体中突发公共卫生事件舆情治理建议。 "	XTIB201802002
基于心理防御视角的个体网络知识分享研究	李玉豪1:44331559|王刊良2:26077610	13	知识分享; 知识管理; 个体社交工具; 心理防御;	"企业内多团队背景下,员工基于个体社交工具的知识分享行为,对企业的创新和知识管理工作有着重要影响。基于心理防御视角,本文建立模型和提出相关假设,分析影响知识员工采用个体社交工具分享知识的因素。一项基于13个企业的455份问卷实证分析结果表明,知识员工个体的心理安全、归属感、自我完善、控制感、工作超负荷及角色冲突会显著影响知识员工运用个体社交工具进行的知识分享行为。本文探讨了结果的理论和实践意义。 "	XTIB201802003
项目描述的欺诈性与众筹投资意愿：基于文本分析的方法	沈倪1:44331179|王洪伟2:08965813|王伟3:07580587	10	众筹项目; 欺诈性; 文本分析; 投资意愿;	"以众筹市场为研究对象,采用文本分析与计量模型相结合的方法,检验项目描述的欺诈性对投资意愿的影响。采纳了内敛性、虚构性、分离性等指标进行文本欺诈性线索度量。采用线性和逻辑回归对数据进行分析,并实施鲁棒性检验。实验结果表明,描述项目的欺诈性线索与用户的在线投资意愿呈负相关。为此,投资者在选择项目时应当考虑项目描述暗含的欺诈信息,避免资产受损,而发起者在描述项目时也应当注意规避欺诈性的描述,以免造成误解,同时众筹平台应加强管理。 "	XTIB201802004
基于脑电技术的手机游戏用户体验评价研究	姜钧译1:37979378|郭伏1:06566732|吕伟1:36048289|王瑶1:24300644|肖扬2:40988467	15	手机游戏; 用户体验; 脑电; α; δ;	"为实现手机游戏用户体验的有效评价,利用脑电(electroencephalogram,EEG)技术记录不同用户体验水平的手机游戏引起的被试脑电活动变化,并利用所开发量表测量被试游戏体验后的主观评价。采用节律波能量值将各频段波形进行定量化分析,分析节律波能量值与主观评价的关系。实验结果表明,头皮后顶区和枕区的α节律波能量值、前部顶区和颞区的δ节律波能量值等脑电指标可以用于区分不同手机游戏的用户体验水平,EEG技术可能成为测量手机游戏用户体验水平的一种新的方法。 "	XTIB201802005
微信公众号内植入广告对用户持续使用公众号影响的研究	张光前:06508230|张席婷:40953385	14	微信公众号; 持续使用行为; 植入广告; 结构方程模型;	"本文的目的是研究社会影响、感知趣味、信息质量三类需求和广告担忧对用户公众号满意度与持续使用行为的影响。基于使用满足理论和信息系统的持续使用理论,本文建立微信公众号的持续使用模型。利用364份有效数据,发现感知趣味、社会影响对用户满意度有影响,信息质量对用户满意度没有显著影响;男性用户重视社会影响,女性用户重视感知趣味;广告担忧对满意度有影响,对持续使用行为的影响不显著;相对来说,女性用户对植入广告更加敏感。 "	XTIB201802006
在线医疗平台老年与非老年用户需求及满意度对比分析――以春雨医生为例	赵英1:09804569|李佳1:09789025|周良1:09805700|李芳菲2:44331180	14	在线医疗平台; 老年用户; 用户评价;	"我国医疗资源的有限性与医疗需求的快速增长已经导致较为严重的社会问题。随着老年人口的增加,医疗资源供需不平衡的矛盾进一步加剧。""互联网+""时代到来,在线医疗为医疗行业的供需不平衡带来了可能的解决方案。然而,当前在线医疗平台的活跃用户以非老年用户为主,老年用户参与度不高,这未能充分发挥在线医疗平台缓解医疗资源供需不平衡的作用。因此,本文在在线医疗平台广泛使用的背景之下,以春雨医生为研究对象,探索老年用户与非老年用户对在线医疗平台的需求差异及满意度差异,从而为完善在线医疗平台体系提出相关建议,以促进其在老年用户中的广泛应用,满足老年群体的医疗需求,缓解医疗资源不足的矛盾。 "	XTIB201802007
基于使用行为分析的共享单车管理优化研究	傅哲1:44331181|辛泓润2:44331182|余力1:09751886|徐冠宇3:44331183	14	共享单车; 管理优化; LSTM神经网络; 运输模型; 预测;	"近年来,共享单车作为一种典型的共享经济应用的代表,越来越受到大众的欢迎,如何基于用户的使用行为分析来对共享单车管理进行优化是未来共享单车发展的重要问题。本文以2016～2017年纽约市的Citi Bike共享单车的使用作为研究数据集,从时间和空间的维度详细分析全市各区域内共享单车的使用行为及特点;采用长短期记忆(long short-term memory,LSTM)神经网络预测分析各站点在高峰时段的共享单车存量和净流入量情况;在此基础上,针对共享单车时空的分布失衡问题,采用运筹学中的运输问题模型,研究高峰时段的调度策略,探索共享单车在各站点间调度的最小代价方案,以缓解共享单车时空分布失衡的问题。本文研究对优化共享单车管理具有一定借鉴意义。 "	XTIB201802008
基于PLSR-IBPSO的有约束组合优化问题求解方法研究――以人机交互界面设计为例	郭伏:06566732|屈庆星:29228027	14	组合优化; PLSR; 二进制粒子群算法; 约束优化; 产品设计优化;	"本文针对工程与管理领域中的有约束组合优化问题,考虑变量维数大且变量间存在多重相关性的因素,以及变量间有强约束关系的特点,建立新的符合实际问题的数学模型。运用偏最小二乘回归(partial least squares regression,PLSR)构建变量之间的回归模型,提出利用二进制粒子群算法优化变量m的n个水平,以期达到目标函数最优的要求,并依据求解问题的特殊性对该算法进行改进。制定新的初始种群产生策略,保证在可行解空间内进行寻优;引入动态惯性权重,保障算法具有更快的收敛性能;修改种群更新机制并加入判别函数,确保种群每次更新后都满足模型中的等式约束。通过算例和数值仿真分析,证实该算法是有效的,并能够得到较好的结果。 "	XTIB201802009
基于非线性特征提取和加权K最邻近元回归的预测模型	唐黎1:43104029|潘和平2:41263484|姚一永1:43070903	10	经验模态分解; PCA; K最邻近法; 特征提取; 预测;	"本文提出了一种智能的金融时间序列预测模型。该模型采用前向滚动经验模态分解(forward rolling empirical modedecomposition,FEMD)对金融时间序列进行信号分解,采用主成分分析(principalcomponentanalysis,PCA)对分解后产生的高维向量组进行降维,整个过程是一个复杂的非线性特征提取过程。再将提取的特征输入一种新的利用PCA输出的加权K最邻近法(K-nearestneighbor,KNN)进行回归预测。该模型在特征提取过程的构造和整体结构上都是具有创新性的,并提出了比简单的KNN预测更有效的改进算法。实证结果证实了该模型对中国股票指数的预测效果。 "	XTIB201802010
主编的话		1	 	"<正>本期《信息系统学报》是总第21辑,共收录9篇研究论文。这些论文呈现了高度多样化的研究视角和方法。在社会化媒体已经成为突发公共卫生事件舆情传播重要渠道的背景下,丁学君等的论文分析了社会化媒体中突发公共卫生事件舆情传播的规律,探究了""反沉默螺旋""效应下网民情绪的演化过程,提出了社会化媒体中突发公共卫生事件舆情治理建议;在组织行为的视角下,李玉豪和王刊良的论文基 "	XTIB201802001
支付宝持续使用行为形成机理：一个整合模型与实证研究	吴金南1:06147884|黄丽华2:06698133	14	网络外部性; 后悔; 习惯; 持续使用意图; 替代品吸引力;	"不同于以往文献基于期望确认理论将用户满意作为预测信息技术持续使用的关键因素,本文基于网络外部性理论、后悔理论和习惯理论,构建了一个以支付宝为研究情境的整合分析模型,用于理解移动支付用户持续使用行为的形成机理。实证结果表明,在控制替代品吸引力和用户信任影响的前提下,用户持续使用意图受到支付宝的用户规模、感知重要性和体验后悔的影响,并且这种影响是通过培养用户习惯实现的;体验后悔作为消极情绪体验可以直接降低用户持续使用意图。研究结论是对期望确认理论的补充和完善,为移动支付持续使用研究提供了新视角。 "	XTIB201801002
认知负荷视角下的中老年人数字阅读界面体验设计研究	"侯冠华1,2:35887667|宁维宁3:35887666|董华3:08959874"	12	用户体验; 认知负荷; 可用性; 数字阅读界面;	"为提升中老年人数字阅读体验,根据认知负荷与用户体验测量理论,采用正交实验设计方法,以及主观测量与眼动数据相结合的技术路线,以可用性、舒适度、阅读速度、认知负荷、眨眼率、瞳孔面积为评价指标,评价数字阅读文字设计。结果发现影响中老年人数字移动阅读的最优体验的因素重要性排序是字号、字间距和行间距。在字号是17像素,字间距加宽0.5磅,1.2倍行间距的实验条件下,获得了最优体验和较低的认知负荷,此外阅读体验的可用性与舒适性显著正相关,与认知负荷显著负相关。 "	XTIB201801003
行政区划名称变更对消费者品牌情绪的影响――基于在线用户生成内容的质性研究	张敏:09162746|蒋玉石:09178689|宋红娟:35508941	14	行政区划名称变更; 品牌情绪; 质性研究; 郫县豆瓣;	"以""郫县撤县设区引发的公众对郫县豆瓣热议事件""为研究对象,以公众在社会化媒体平台发布的内容作为数据源,共计收集11 000多条原始数据,最终有效数据923条,并遵循""开放编码―主轴编码―选择编码""的数据处理程序对这些数据进行质性分析。研究结果表明:在涉及品牌的行政区划变更条件下,消费者对""郫县豆瓣""品牌的情绪反应,可以从行为态度、主观规范和知觉行为控制三个方面得到解释。本文对于维护区域地理标志保护品牌的形象和价值提升具有重要的指导意义。 "	XTIB201801004
众包竞赛中加价延期机制是否有效？	"任延静1,2:30037547|林丽慧1:30037548"	17	开放式创新; 众包; 创新竞赛; 互联网平台;	"本文主要研究网络众包平台创新竞赛中的""加价延期""机制。通过对任务中国网站数据的实证分析,我们发现:如果任务发布者信用高、初始比赛天数短、比赛竞争激烈、受关注度高、任务难度低、已提交方案开放性高,则在""加价延期""期间会获得较多的方案数量;然而,该机制对于吸引更高水平的回答者参赛效果并不显著。本文在学术方面丰富了众包平台竞赛机制的理论研究,在实践方面对平台运营方和任务发布者制定策略有指导意义。 "	XTIB201801005
企业E-learning应用有效性的综合分析	马玲:11250004|黄忻怡:43094500|李嘉:25388259	17	企业E-learning应用; 有效性; 综合分析法; 内容分析法;	"有效性评估分析研究在企业E-learning应用领域中已有一定的积累,但企业E-learning应用是否有效,效果是否优于传统的学习模式,尚存在较大的争议。本文检索得到55篇定量研究论文,应用综合分析方法,归纳分析这些论文的企业E-learning应用有效性评估研究。将多样性的评估指标归纳为技能、知识、行为、满意度和绩效等5类指标,得出了总体上企业E-learning应用有效,但与传统学习模式相比,与预期效果还有较大距离的归纳结论,5类指标中仅技能显著更有效,其他指标的优势不显著。在归纳分析的基础上,本文还就企业E-learning应用实践策略、研究局限和未来议题做了讨论。 "	XTIB201801006
基于WOS信息检索平台的清华大学学术合作网络演变与产出研究	解峰1:08173452|赖长青1:43094501|窦天芳2:08226024|张蓓2:08243117|武小楠2:43094502	12	学术合作; 社会网络; 中国高校; 清华大学;	"近年来,我国科研机构学术合作网络不断拓展,研究该网络的演变具有学术和实践价值。本文基于Webof Science平台,以清华大学为例,使用网络分析和统计方法,研究其1981～2015年学术合作网络的演变和对产出的影响。研究发现清华在地区、机构、学者三个层次都出现了明显的学术合作网络规模增长效应,并出现了地区集群化、机构分散化、学者双融化等特征。研究还发现合作促进了论文规模增长和水平提升。本文结论对中国高校发展学术网络具有指导作用。 "	XTIB201801007
微指数、百度指数与上证综指收益率预测	陆慧玲1:37940860|魏宇2:37617320|王考考1:37940859	12	投资者情绪; 信息供求; 微指数; 百度指数; 上证综指;	"互联网数据记录了投资者的微观情绪信息和搜索关注,同时也为研究股票市场宏观运行规律提供了海量的数据基础和新的研究视角。本文利用新浪微博与百度搜索引擎两个不同类型的平台数据,分别构建了反映股票市场投资者情绪和关注的看涨指数。进一步从信息供求视角出发,结合行为金融学的相关知识,揭示其内在机理,并运用计量模型实证了微博看涨指数、百度看涨指数与上证综指收益率之间的相互影响关系。实证结果表明,微博看涨指数与百度看涨指数具有明显的领先―滞后关系;能够反映投资者情绪的微博看涨指数对下一期的上证综指收益率有显著的正向影响,而反映投资者关注的百度看涨指数却无法提供对上证综指收益率有用的预测信息。 "	XTIB201801008
信息系统领域中美科学合作的变迁	姚欣林1:43096786|张诚2:06711540	17	科学合作; 合作特征; 中美合作; 信息系统研究; 学术影响力;	"以1980～2010年信息系统领域86份主要期刊的91 751篇论文为基础,分析了中美学者在这30年间的合作特征演变,并对比了互联网技术发展前后合作特征的差异。结果表明,中国信息领域学者与美国的合作发文数量和所占比例在不断上升,并且中美合著论文的平均引证因子显著高于中国独立发表文章。中美合作类型前后15年的变化显示,信息技术的发展一方面降低了中美学者的沟通成本,使合作开展更为频繁,但同时也使我国学者和美国学者的错层合作显著增多。 "	XTIB201801009
信息系统专业审计研究与实践	穆勇1:13963096|赵莹1:24789746	10	信息系统专业审计; 研究; 实践;	"针对已建成或正在运行的大量信息系统中存在的系统与实际业务流程不匹配、数据不规范、信息共享难及系统与技术文档""两层皮""等方面的问题,首次引入了""信息系统专业审计""的概念,界定了其内涵和外延,创新性地提出了一套信息系统专业审计的定位、目标、对象、内容、依据、工具、方法、组织、策略、流程、成果及作用的体系框架,并对某市政府部门28个信息系统进行了专业审计,取得了良好效果。 "	XTIB201801010
主编的话		1	 	"<正>本期《信息系统学报》是总第20辑,共收录7篇研究论文和2篇领域综述与学科发展论文。此次所发表的7篇研究论文呈现了高度多样化的研究视角和方法。吴金南和黄丽华的论文基于网络外部性理论、后悔理论和习惯理论,构建了一个以支付宝为研究情境的整合分析模型,用于理解移动支付用户持续使用行为的形成机理,为移动支付持续使用研究提供了新视角;侯冠华等为提升中老年 "	XTIB201801001
消费者对共享经济平台的技术信任：前因与调节	谢康:10173220|谢永勤:29127815|肖静华:10173197	14	共享经济; 功能型技术信任; 治理型技术信任; 治理机制;	"信息技术为共享经济价值共创提供了支撑,消费者对共享平台的技术信任是共享经济发展的重要因素。现有研究对技术信任在促进消费者行为中的作用得出了不一致的结论,本文基于社会物质性理论和信任传递理论,将消费者对共享平台的技术信任分为功能型技术信任和治理型技术信任,结合现有研究强调的陌生人之间的人际信任,探讨两类技术信任对消费者价值共创行为的影响。以打车APP应用为研究对象的实证研究结果表明,消费者对共享平台的功能型技术信任通过提供方信任的中介作用影响其价值共创行为,治理型技术信任则正向调节提供方能力信任与消费者反馈行为意向之间的关系,负向调节提供方情感信任与消费者持续使用意向之间的关系。本文的结论拓展了技术信任影响价值共创行为的研究,细化了技术信任、人际信任与消费者价值共创行为之间的作用机制,可为共享平台企业的信任构建实践提供参考和借鉴。 "	XTIB201702002
城市中低龄老年人微信信息分享行为动机研究	"张驰1,2:11153049|顾东晓1:11187499|马一鸣1:43097885|梁昌勇1:05983809"	12	中低龄老年人; 微信; 信息分享行为; 动机;	"研究以城市中低龄老年人为对象,基于""ERG""需求理论和使用满足理论构建老年人微信信息分享行为动机假设模型。对浙江省杭州、温州、湖州三地的部分城区内的194名年龄在55～79岁的中低龄老年人的调查数据进行实证分析,结果表明信息获取动机、娱乐消遣动机与老年人在微信平台上进行信息分享的行为有着显著的正相关关系。研究结论为引导老年人在信息技术社会借助即时通信工具形成更为积极的老化态度提供参考。 "	XTIB201702003
老年人互联网服务使用行为对社会参与的影响研究：孤独感和线下相关程度的调节作用	"许肇然1,2:38515997|胡安安2:06696930|黄丽华2:06698133"	12	老年人; 社会参与; 互联网服务; 老年人孤独感; 线下相关程度;	"随着老龄化的加速和信息化的发展,互联网在老年人日常生活中的重要作用日益凸显,如何利用互联网实现""积极养老""正引起学术界与实践界的广泛关注。本文研究了老年人互联网服务使用对社会参与的影响,通过问卷调研发现互联网媒体类服务的使用和交流类服务的使用都能促进老年人整体的社会参与程度,但是受到两类因素的调节作用:服务的线下相关程度和老年人的孤独感。为了提高老年人的社会参与程度,在提供互联网交流类服务时,应控制线上服务与线下的相关程度;对较为孤独的老年人,应引导和鼓励他们更多地使用互联网交流服务,激发他们参与社会活动的意愿和行为。 "	XTIB201702004
游戏化对老年人学习IT技能的影响：以徽章和故事为例的预探索	"孙凯1,2:09749704|邱凌云3:23033646|左美云2:09647049"	11	游戏化; 老年人; 教育; 注意力;	"近些年来,人们开始将游戏化视为一种能够改进传统教育方式的重要手段。基于注意力的相关理论,本文提出了一个理论模型来解释游戏化对老年人IT技能学习绩效影响的内在机制。通过一项预探索的实验室实验,我们发现游戏化设计(本文中引入徽章和故事元素)能够有效提高老年人对信息技术的学习绩效。本文不仅将以往的游戏化研究扩展到老年人教育领域,其研究结论还可以帮助实践者设计出更好的为老年人服务的游戏化应用。 "	XTIB201702005
在线交流社区中养老信息的质性分析――基于主题框架法的探索性研究	赵栋祥:37954860	12	在线交流社区; 养老信息; 质性分析; 主题框架法; 探索性研究;	"本文旨在了解网络社区用户的养老信息需求,剖析社会公众对养老问题的态度与认知变化,探讨网络社区在养老信息传播、社会支持供给中的作用。以在线交流社区""老友帮""(www.rd1860.com/)为研究对象,运用描述性统计和主题框架分析法对与养老问题相关的用户生成数据(272条只言)进行特征标记、主题归类和内容分析。研究发现:①该网络社区用户的养老信息需求主要集中在观点类、资讯类、实践类、情感类、知识类和其他类6个主题;②随着经济社会发展,""老友帮""用户的讨论内容发生了变化,一定程度上反映了社会公众对养老问题的态度与认知变化;③网络社区的用户结构和交流模式也发生了变化,老年人和准老年人将在社区可持续发展中发挥更大的作用;④网络社区促进了养老信息传播和社会支持供给。 "	XTIB201702006
中文在线健康社区中的医疗命名实体识别方法研究	杨杭州1:43097887|刘凯2:06341273|颜志军1:06347505|李军莲3:10134355|孙海霞3:21987118	10	医疗命名实体识别; 在线健康社区; LDA; CRF;	"医疗命名实体识别在网络非结构化健康文本的知识发现中至关重要。目前的方法存在难以识别网络上不规范的名称和需要人工标注等问题,且往往没有考虑医疗领域的特点。结合中文一体化医学语言系统和网络拓展词典构建的医疗领域词典,并使用基于语义规则的方法,本文提出一种基于LDA和CRF的混合模型识别在线医疗命名实体。与两种基准方法的比较表明了该方法在网络健康社区文本中医疗命名实体识别的有效性。 "	XTIB201702007
代际知识转移研究：前因及效果	"汪长玉1,2:37556292|左美云3,2:09647049"	16	代际知识转移; 前因; 效果;	"将年长者在工作和生活中积累的经验和知识转移给年轻人员(即代际知识转移),既能防止组织和社会遗忘,又能实现新知识的创造。如何促进年轻人和年长者同时参与代际知识转移?开展代际知识转移能够给转移双方和组织带来哪些好处,以及如何促进这些好处的产生?这些问题的解决是有效开展代际知识转移的前提。鉴于目前缺少对组织情境下代际知识转移的前因及效果研究的系统探讨,本文对已有代际知识转移相关的实证研究进行了梳理,识别了这些研究所发现的影响年长者和年轻者参与代际知识转移活动的因素,以及代际知识转移对转移双方和组织的影响。在全面了解现有研究的基础上,本文对已有研究内容进行了归纳,并建立了代际知识转移前因及效果研究的基本框架模型;同时也阐明了代际知识转移研究未来可能的方向。 "	XTIB201702008
我国“以房养老”模式的经济有效性分析――基于老年人需求决策的视角	韩威:26939222	12	以房养老; 住房反向抵押贷款; 需求决策; 经济有效性;	"""以房养老""作为一种创新的养老模式,可以有效缓解养老资金短缺问题,是对我国现有养老保障体制的有益补充。本文基于老年人需求决策的视角,设计了""以房养老""经济有效性分析模型,并以我国""以房养老""试点城市上海市为例,使用2008年1月至2015年10月上海房地产指数、上海房屋租赁指数和市场利率数据进行实证分析。研究结果表明:住房反向抵押贷款模式具有居住所有权隐含价值,能够获得比售房养老模式更高的价值,并可以为老年人提供稳定可靠并延续终生的现金流,因此,""以房养老""的投资营利功能得以确认。本文有助于增强我国老年人对该养老金融产品的认知度,并为其""以房养老""需求决策提供参考依据,从而有利于提高其参与""以房养老""的积极性。 "	XTIB201702009
医院和养老院对“医养结合”模式选择行为的演化博弈分析	任宗伟:25740970|刘传庆:39048531|霍家伟:43094503	11	医养结合; 演化博弈; 医院; 养老院;	"""医养结合""模式的选择是一个基于医院和养老院间的演化博弈过程,本文应用演化博弈的理论方法,建立双方演化的博弈模型,分析了演化的路径、演化的均衡点以及影响演化结果的因素,并通过Matlab软件进行了数值仿真。研究结果显示,当双方开展""医养结合""模式时,医院花费的运营管理成本、养老院在设备和人力上投入的成本以及政府给予的奖励等都会影响演化结果,最后结合实际提出建议,引导博弈的结果趋向于双方各自有利的一面。 "	XTIB201702010
主编的话		1	 	"<正>本期《信息系统学报》是总第19辑,共收录9篇论文。其中,谢康等的论文聚焦于共享经济平台上的技术信任,基于社会物质性理论和信任传递理论,将消费者对共享平台的技术信任分为功能型技术信任和治理型技术信任,结合现有研究强调的陌生人之间的人际信任,探讨了这两类技术信任对消费者价值共创行为的影响。 "	XTIB201702001
学术动态		2	 	"<正>近期主要活动2017年8月25～27日,第四届智慧养老与智慧医疗发展论坛在北京理工大学举行。论坛由中国人民大学信息学院、山东财经大学管理科学与工程学院、北京理工大学管理与经济学院、智慧养老50人论坛、中国信息经济学会信息管理专业委员会共同主办,由北京理工大学管理与经济学院承办,并得到中国信息经济学会、国际信息系统协会中国分会和""双法""研究会管理决策与信息系 "	XTIB201702011
第三方电子商务平台忠诚实证研究――基于改进的期望确认模型	张承伟1:06508209|郭一蓉1:35750588|何奇兵2:37951510	12	第三方平台忠诚模型; “期望-确认”模型; 互惠理论; 忠诚度; 用户持续使用;	"基于""期望-确认""模型,本文以外卖平台作为第三方电子商务平台的研究对象,构建了感知激励、感知买卖双方规模变量,修正了""期望-确认""模型,提出了第三方平台忠诚模型,并采用结构方程模型对假设模型进行了验证。结果表明,""期望-确认""模型适用于买卖双方市场对第三方电子商务平台的忠诚,感知激励对买卖双方的第三方平台忠诚有正向影响,感知买方(卖方)规模对卖方(买方)感知有用性分别有正向影响。 "	XTIB201701003
社会化问答社区中社交关系的成因及作用――来自知乎的实证研究	蒋逸尘:37951511|金悦:36865814|黄京华:08172673	10	社会化问答社区; 社交关系; 知识贡献; UGC质量判断;	"随着社会化媒体的发展,加入社交关系的社会化问答社区开始迅速兴起。本文基于关系构建理论、知识贡献模型、UGC质量判断相关研究,探索社会化问答社区中用户如何增加自己的关注者数以及关注者数的增加如何影响用户的参与体验。研究结果显示,用户的参与度和权威性是其吸引关注者的关键因素,虽然拥有大量关注者并不会使该用户提出的问题更易得到解决,但却会使该用户提供的答案更易受到认可。 "	XTIB201701004
基于消费性格的商品多样性推荐研究	王茜:10707092|喻继军:24324564	15	消费性格; 商品推荐; 多样性; 自适应;	"电子商务推荐系统在缓解商品信息过载、提高消费者个性化体验及销售转换率等方面正发挥着重要的作用。在商品日益丰富、消费者的个性化需求日益凸显的今天,推荐系统不仅要满足推荐商品的准确性,而且也要满足推荐商品的多样性,但二者之间却存在着矛盾。如何在推荐的准确性与多样性之间寻求有效的平衡,已成为电子商务研究的热点问题。为此,本文从消费者心理学的角度出发,通过消费者历史购物记录分析其消费性格,并采用信息熵对其进行度量;在此基础上,将基于消费性格的信息熵与传统的推荐算法进行有机融合,提出了基于消费性格的商品多样性自适应推荐方法。研究结果表明:该方法能够根据消费者的性格的不同,在保证推荐准确性的同时,可以自适应地满足商品推荐的多样性,从而更好地满足消费者的个性化需求,丰富基于消费者心理学的多样性推荐方法。 "	XTIB201701005
面向用户兴趣的知识关联挖掘模型研究	应璇:26301689|孙济庆:07528679	11	用户兴趣模型; 语义关联; 共现关联; 时序关联; 知识结构;	"用户兴趣的挖掘分析是实现高效精准知识服务的重要基石。本文在总结现有领域内数据挖掘分析方法的基础上,试图通过融合共现统计关联、时序统计以及语义关联等知识挖掘手段,从知识视角构建全面的用户知识兴趣关联模型。以用户知识的空间结构为基准,有效精准地发现用户知识需求热点,为信息资源服务机构的知识服务提供有力支撑。 "	XTIB201701006
老年人购物网站界面感知可用性评价量表构建	刘畅:10827590|郭伏:06566732|刘玮琳:28567117	23	老年人; 购物网站; 感知可用性; 评价量表;	"为有效测评老年网络购物用户对购物网站界面感知可用性的评价水平,本文采用定性和定量相结合的方法,构建老年人购物网站界面感知可用性评价量表。首先,运用访谈法收集老年网络购物用户购物网站操作体验方面的相关资料,提取老年人购物网站界面感知可用性评价维度;其次,参考已有文献可用性评价量表和可用性评价维度测量问项,构建老年人购物网站界面可用性评价初始量表;最后,通过可用性评估实验及问卷调查法对459名有网络购物经验的老年人进行调研,考察构建量表的结构及其信度、效度。结果表明,构建的量表具有良好的内部一致性信度、内容效度和结构效度,可以作为测评老年人购物网站界面感知可用性评价的有效工具,也可为面向老年人的购物网站设计及普通购物网站包容性设计提供参考。 "	XTIB201701007
基于客户需求的现金押运路线问题研究	"徐国勋1:37315816|李妍峰1,2:10707014|李军1:00031174"	12	现金物流; 客户需求; 券别均衡; 车辆路径问题; 遗传算法;	"本文以现金物流为研究背景,不同于以往对客户需求的研究,提出了一类考虑客户券别要求的现金押运路线问题,并以现金券别均衡和运输成本减少为目标,建立了相应的混合整数规划模型。根据模型的性质,设计了一种基于局部搜索和多样性管理机制的遗传算法进行求解。数值实验对模型特性和算法性能进行了分析,结果表明券别因素增加了运输成本,影响了押运路线,改进的遗传算法能求解更大规模的问题,得到质量较好的解。 "	XTIB201701008
主编的话		1	 	"<正>本期《信息系统学报》为总第18辑,共收录6篇研究论文和3篇领域综述。此次所发表的9篇论文呈现了高度多样化的研究视角和方法。张承伟等的论文以外卖平台作为第三方电子商务平台的研究对象,构建了感知激励、感知买卖双方规模变量,修正了""期望-确认""模型,提出了第三方平台忠诚模型,并采用结构方程模型对假设模型进行了验证。蒋逸尘等的论文基于关系构建理论、知识贡献模型、用户生成内容质量判断相关研究,探索社会化问答社区中用户如何增加自 "	XTIB201701002
信息系统领域的知识输入与输出:1990―2010	田婧:37951512|姚欣林:29606618|张诚:06711540	10	信息系统; 引文分析; 知识继承; 参考学科;	"以信息系统领域6本顶级期刊在1990―2010年发表的文章作为分析对象,探究信息系统领域的知识来源及知识贡献的发展趋势。研究发现,信息系统领域与其他领域的知识分享呈多元化发展趋势:与商学、经济学的知识交互现象在不断增强,对计算机科学、工程学和心理学的知识输出趋势不断增强,对社会学和管理科学的知识依赖程度不断增强,而和管理学之间的联系呈减弱趋势。同时,信息系统领域内的知识交流更为频繁,学科自身的知识核心不断加强。 "	XTIB201701009
企业信息系统创新性使用研究述评――基于内外部动机的视角	王玮:24041133|喻亚琴:37951513	13	创新性使用; 外部动机; 内部动机; 企业信息系统;	"企业信息系统价值的实现一直是学术界和实践界亟待解决的难题。创新性使用能充分挖掘系统的潜在功能和特征,最大限度地发挥系统价值,为企业带来可观的商业利润。其中,员工的内外部动机是影响创新性使用的关键。鉴于此,本文首先介绍创新性使用的内涵及测量,其次总结内外部动机的概念、具体类型、两者之间的关系以及影响因素,探讨内外部动机对创新性使用的作用机制,最后在此基础上对未来的研究方向进行了展望。 "	XTIB201701010
企业社交媒体研究综述:概念、采纳、使用与影响	"苗蕊1,2:37951514|黄丽华1:06698133"	16	企业社交媒体; 概念; 采纳; 使用模式; 影响;	"随着企业社交媒体在企业中应用的推广和深入,对企业社交媒体的研究已成为了学术界和企业界共同关注的焦点。本文从企业社交媒体的概念、企业社交媒体的采纳、企业社交媒体的使用行为和使用模式以及企业社交媒体实施后的影响四个方面对国内外与企业社交媒体相关的文献进行了梳理与回顾,分析了现有研究的不足并提出了未来可深入研究的方向。 "	XTIB201701011
CNAIS核心期刊及学术会议目录		3	 	"<正>(2015年12月)说明(1)本目录所列为CNAIS所推荐的信息系统领域中英文核心期刊及CNAIS所参与建设的主要学术会议。(2)本目录由CNAIS秘书处、CNAIS信息交流与出版物工作委员会负责起草,经广泛征求会员意见并由CNAIS常务理事会讨论审核后发布。(3)本目录的制定参考了AIS Senior Scholar’s Journals列表、UT Dallas商学院期刊列表、Finance Times期刊列表、NSFC核心期刊目录、中文核心期刊要目总览(北京大学图书馆),以及国内主要高校信息管理与信息系统专业的核心期刊目录,同时参考了SCI/SSCI影响因子及CSSCI检索情况等信 "	XTIB201701012
学术动态		2	 	"<正>近期主要活动√2017年5月19日至20日,由教育部在线教育研究中心、中国高等教育学会教育信息化分会指导,清华大学现代管理研究中心、清华大学互联网产业研究院联合主办的""2017大数据+智慧教育融合发展高峰论坛""在上海国家会计学院召开。本次论坛吸引了100余位来自全国各高校的学者、企业代表参加。论坛由CNAIS副主席、中国人民大学商学院王刊良教授主持。教育部科技发展中心李志民主任、清华大学互联网产业研究院朱岩院长、教育部在线教育研究中心聂风华老师、清华大学经济管理学院副院长徐心教授分别做了题为""信息技术发展与 "	XTIB201701013
内容简介		1	 	"<正>《信息系统学报》是我国信息系统科学研究领域的唯一专门学术出版物,被信息系统协会中国分会指定为会刊。《信息系统学报》倡导学术研究的科学精神和规范方法,鼓励对信息系统与信息管理领域中的理论和应用问题进行原创性探讨和研究,旨在发表信息系统研究领域中,应用科学严谨的方法论、具有思想性与创新性的研究果,并在国际学术界产生影响。 "	XTIB201701001
社交APP中LBS用户隐私关注的影响机理研究	刘鲁川:26184466|安昭宇:28284568	18	移动社交; LBS; 隐私关注; 隐私保护;	"针对用户使用社交APP中基于位置的服务(location-based service,LBS)时的隐私关注行为,借鉴以用户为中心的设计方法(user centered design,UCD),结合访谈法、日志法开展探索性的研究,以探明社交APP中LBS用户隐私关注的影响因素;在此基础上,通过文献归纳提出LBS用户隐私关注影响机理概念模型,采用问卷法收集数据,并用Visual PLS数据处理以验证模型。结果表明,LBS服务质量与LBS隐私关注呈负相关关系,感知风险与LBS隐私关注呈正相关,信任与LBS隐私关注呈负相关,并得到其他构念与LBS服务质量、感知风险、信任之间的关系。 "	XTIB201602003
软件测试中的游戏化元素研究――基于手机测试的多案例研究	王亚飞:37149964|杨波:09645997|王星:10375181|田金英:37149965	11	游戏化; 软件测试; 案例研究;	"在软件测试中引入游戏化思维,可以增加软件测试的趣味性,提高测试效率。本文选择了三家不同规模企业的软件测试项目进行多案例研究,探究哪些类型的游戏化元素适用于软件测试项目及不同职位的人员适用哪些游戏化测试类型。研究结果表明,游戏化的引入可以提高软件测试项目的效率与质量,改善项目组内部的工作氛围,降低员工的离职率。然而,过分关注积分化奖励机制、排行榜差距过大及单纯的数量竞赛,反而可能导致测试质量的下降。 "	XTIB201602004
云存储背景下影响在线好友邀请项目成功的因素研究	"史楠1,2:37164305|丁一3:37164306|王刊良4:26077610"	14	在线好友邀请项目; 社会距离; 感知社会风险; 云存储服务;	"随着云存储服务的兴起,云存储服务供应商需要吸引更多的潜在用户,在线好友邀请项目应运而生。成功的在线好友邀请项目有助于快速拓展商家的客户资源。本文将社会距离和感知社会风险引入研究当中,对邀请发起者和邀请接收者双方进行研究,目的在于达成更多的成功在线好友邀请。社会距离对邀请双方的参与意愿均具有显著影响,感知社会风险具有部分中介作用。研究结果对在线好友邀请项目的设计给出了建议。 "	XTIB201602005
在线产品评论对消费者剩余的影响	朱存根:37149966|姚忠:06307910|冯娇:32137430	12	在线产品评论; 产品质量; 产品适用性; 消费者剩余;	"在线评论已经成为影响消费者购买决策的重要因素,能够在一定程度上影响消费者剩余。本文通过对消费者关于产品质量和适用性的效用水平进行建模,来比较有、无评论情况下的消费者剩余。结果表明,参考评论有利于增加消费者剩余。本文进一步发现,一般来说,评论揭示的产品质量和适用性信息、消费者对评论的依赖程度和对产品适用性的敏感性均对有评论参与下的消费者剩余有促进作用。另外,本文还发现评论对零售商利润和对消费者剩余具有类似的作用形式。 "	XTIB201602006
企业生成内容对用户生成内容的影响――以新浪企业微博为例	吕磁:37149972|黄京华:08172673|金悦:36865814	15	企业微博; 企业生成内容; 用户生成内容; 影响机制;	"随着越来越多的用户使用微博等社会化媒体,出现了大量在线用户生成内容(UGC),其中与企业品牌相关的用户生成内容能够为企业带来价值。因此,企业如何利用社会化媒体增加在线用户生成内容是学术界和业界关注的热点问题,然而这方面的研究仍非常有限。本文基于Dichter口碑产生动因理论和使用满足理论,从品牌社区的角度研究企业微博生成内容(MGC)对UGC的影响机制。本文收集了28家企业78天内发布的7 916条微博及其2 364 810条转发和评论,以及用户发布的与品牌相关的2 834 731条微博,采用负二项式回归模型对数据进行了分析。实证分析发现,企业发布的微博数量和回复数量不仅能够引发用户的转发、评论,而且能影响用户主动发布与品牌相关的内容,即增加用户原创UGC。此外,用户转发和评论,尤其是回复性评论和认证用户的转发,也能显著地影响用户原创UGC。本文的研究结论对企业微博运营具有指导意义。 "	XTIB201602007
面向用户学习的产品知识地图构建研究	杨春姬:37149973|陈智高:07527712|马玲:11250004	11	知识地图; 用户学习; 产品知识; FBS;	"企业通过在线平台向用户提供产品知识、帮助其了解产品知识和解决使用问题是提高客户满意度的重要手段。在传统的知识地图构建方法基础上,如何合理表示和组织产品的知识单元,是知识系统能够有效应对特定用户知识学习需求的关键。本文从用户学习需求出发,采用产品概念设计的FBS方法对产品知识进行分类,利用Web本体语言对产品知识结构进行分层表达,探究产品知识地图的构建方法。最后,以数码相机为例构建示例系统阐述方法的应用,并通过用户实验评价构建的知识地图,检验该构建方法的可行性。 "	XTIB201602008
在线社会支持的提供意愿研究――基于解释水平理论的视角	李嘉1:25388259|柳明辉1:37149974|刘璇1:28617632|张朋柱2:08533877|张晨3:37149975	16	电子健康; 社会支持; 心理距离; 共情;	"近年来,互联网和电子健康网站的发展,使通过互联网进行社会支持成为可能。在线方式消除了地理和时间的限制,扩大了弱势群体获得社会支持的来源和途径,是对传统线下社会支持方式的一种良好补充。然而,这一类网站的繁荣与成功,依赖于是否有足够的用户愿意提供社会支持。因此,研究用户的在线社会支持提供意愿就成为一个非常有意义的研究问题。现有关于社会支持的研究主要关注的是养老和社区互助的场景,在线环境下许多传统线索(如视觉线索、听觉线索)消失,同时很多适用于家庭和社区场景的理论不再适用于线上环境。本文从解释水平理论的视角出发,研究心理距离对在线社会支持提供意愿的影响,以及共情在其中发挥的调节作用。我们通过实地问卷调查的方法收集了数据来验证所提假设。研究结果表明,心理距离对在线社会支持的提供意愿有负向影响,并且共情会负向调节这种影响。 "	XTIB201602009
农产品流通信息平台质量对用户满意度的影响――基于使用经验的调节作用	徐健:06574429|王盼:37149976|吕成戍:06562192	11	信息系统成功模型; 服务质量; 信息质量; 系统质量; 满意度;	"近年来,各地相继建成了一批农产品流通信息平台,但这些信息平台普遍遇到用户规模小、使用频率低等问题。本文从信息平台质量角度出发,构建了一个考虑使用经验调节作用的信息平台质量对用户满意度影响的概念模型,并通过偏最小二乘法(PLS)结构方程模型进行了实证分析。结果表明:(1)服务质量、信息质量和系统质量对用户满意度具有显著正向影响;(2)用户满意度对用户使用倾向具有显著正向影响;(3)使用经验对服务质量和满意度之间的关系具有显著负向调节作用,而在系统质量和信息质量对满意度的影响关系上调节作用不显著。本文进一步提出了推广农产品流通信息平台的对策建议。 "	XTIB201602010
从新进入者到领先者――基于关系管理的平台创新	栾世栋:30525770|晏梦灵:33843987|李昶:06267092|董小英:06249108	18	新进入者; 电子商务平台创新; 厂商关系管理; 消费者关系管理;	"电子商务企业作为零售行业的新进入者,虽有广阔发展前景,却面临着来自传统线下零售商和同类电商企业的激烈竞争。电商企业如何完成从新进入者向行业领先者的转变,是本文关注的研究问题。通过对京东商城的单案例研究,本文揭示了案例企业根据内外部环境条件动态调整其外部关系管理策略,结合外部资源实现平台创新的演化历程。本文丰富了新进入者的研究视角,将研究重心从内部产品技术创新拓展到外部资源整合。同时,京东的外部关系管理策略及其动态演化路径可以为其他企业带来实践启示。 "	XTIB201602011
学术动态		3	 	"<正>近期主要活动2016年5月27日~29日,中国地质大学(武汉)经济管理学院、电子商务国际合作中心,美国阿尔弗雷德大学商学院和德国巴登―符腾堡州联合大学共同主办的第十五届武汉电子商务国际会议在武汉召开。国际信息系统协会(Association of Information Systems,AIS)前主席、哈尔滨工业大学Doug Vogel教授以及信息系统协会中国分会副主席、中国人民大学王刊良教授等来自国内外高校近170位专家学者参加会议。与会代表围绕""大数据时代的企业生态系 "	XTIB201602012
内容简介		1	 	"<正>《信息系统学报》是我国信息系统科学研究领域的唯一专门学术出版物,被信息系统协会中国分会指定为会刊。《信息系统学报》倡导学术研究的科学精神和规范方法,鼓励对信息系统与信息管理领域中的理论和应用问题进行原创性探讨和研究,旨在发表信息系统研究领域中应用科学严谨的方法论、具有思想性与创新性的研究成果,并在国际学术界产生影响。其稿件内容包括相关的理论、方法、应用经验等,涵盖信息系统各个研究领域,注重结合我国国情的探讨,从而对我国和世界信息 "	XTIB201602001
主编的话		1	 	"<正>本期《信息系统学报》为总第17辑,共收录9篇研究论文,其中5篇论文为国际信息系统协会中国分会第六届全国大会(CNAIS 2015)特辑。CNAIS 2015大会于2015年10月23日~25日在山东济南举行。大会由国际信息系统协会中国分会(China Association for Information Systems,CNAIS)主办,山东财经大学管理科学与工程学院和山东大学管理学院联合承办,支持单位有国家自然科学基金委员会、中国系统工程学会、中国信息经济学会,会议主题为""信息系统的影响――变革与融合""。作为CNAIS "	XTIB201602002
社交APP中LBS用户隐私关注的影响机理研究	刘鲁川:26184466|安昭宇:28284568	18	移动社交; LBS; 隐私关注; 隐私保护;	"针对用户使用社交APP中基于位置的服务(location-based service,LBS)时的隐私关注行为,借鉴以用户为中心的设计方法(user centered design,UCD),结合访谈法、日志法开展探索性的研究,以探明社交APP中LBS用户隐私关注的影响因素;在此基础上,通过文献归纳提出LBS用户隐私关注影响机理概念模型,采用问卷法收集数据,并用Visual PLS数据处理以验证模型。结果表明,LBS服务质量与LBS隐私关注呈负相关关系,感知风险与LBS隐私关注呈正相关,信任与LBS隐私关注呈负相关,并得到其他构念与LBS服务质量、感知风险、信任之间的关系。 "	XTIB201602003
事件相关电位N1和N2用于智能手机用户体验评价的研究	郭伏:06566732|丁一:06552799|张雪峰:06575014|操雅琴:24702882	15	用户体验; 视觉事件相关电位; N1; N2; 智能手机;	"高水平的用户体验为产品市场成功的关键,很多学者对用户体验的测量进行了研究,但是这些方法仍不足以完全反映用户体验水平。本实验以智能手机为研究对象,在不考虑品牌差异的情况下,研究不同设计水平智能手机引起的脑电成分差异。实验结果表明,用户体验水平较低的智能手机图片较用户体验水平高的智能手机图片诱发的N1/N2成分波幅大。N1/N2成分可用于区分不同智能手机产品的设计水平,事件相关电位(event related potentials)技术可能成为测量产品用户体验水平的一种新方法。 "	XTIB201601003
基于PLS-SEM的企业移动商务采纳意愿影响因素研究	李立威1:06352290|荆林波2:42122952	14	移动商务; 采纳; 影响因素; PLS-SEM;	"本文基于TOE框架,同时结合技术接受模型、创新扩散理论、任务技术匹配理论、组织制度理论,从技术、组织和环境三个维度构建了企业移动商务采纳影响因素的理论模型,并利用PLS-SEM方法进行了实证研究。实证研究结果表明高层支持是最重要的影响因素,其次是竞争压力、贸易伙伴压力和潮流压力,最后是财务资源。此外,任务技术匹配度主要通过感知有用性对高层支持产生影响,而感知有用性主要通过高层支持对企业移动商务采纳意愿产生影响。本文的结论对我国企业制定移动商务战略决策具有一定的参考价值。 "	XTIB201601004
企业微博发布效果评价研究	单晓红1:06289495|蒋丽娜2:33568075|王宁3:06430780	10	企业微博; 发布效果; 模糊综合评判; 效果评价; 微博营销;	"微博作为一种便捷的社交媒体已被广泛使用,企业利用微博与消费者互动,以便自我宣传。微博的文字、图片、链接等内容涉及具体内涵,其发布后产生的效果对企业有重要影响。本文根据微博发布不同阶段中的主要影响因素,利用层次分析法建立效果评价模型,确定权重,并利用模糊综合评价法评估营销效果。研究表明一条微博带来的效果受发布、传播、效果呈现阶段中多个因素的影响,根据影响因素建立完善的微博营销策略才能取得较好的效果。 "	XTIB201601005
不同促销方式对促销效果的影响研究	曾慧:30908212|郝辽钢:09159312	12	促销方式; 被促销品感知风险; 跨文化; 感知质量; 购买意愿; 品牌忠诚;	"本文基于框架效应理论,运用实验研究方法,验证了网络环境下买一赠一和买两件打五折促销对消费者的影响及其边界条件。实验一通过对成都市203名大学生的实地调查探讨了被促销品感知风险水平的边界作用,结果表明:买一赠一比买两件打五折能带来更高的消费者感知质量、购买意愿和品牌忠诚;不同促销方式对品牌忠诚的影响受到被促销品感知风险的调节作用。实验二通过对中国(N=253)和巴基斯坦(N=251)的跨文化研究探讨了消费者文化因素的边界作用,结果表明:不同促销方式对消费者的影响受到消费者文化因素的调节作用。 "	XTIB201601006
基于传染病动力学的博客舆情话题传播模型研究	"丁学君1,2:35038524|梁昌勇1:05983809"	14	博客; 舆情话题; 传播模型; 传染病动力学;	"以群组动力学为视角,本文将博客用户群划分为未知组群、易感组群、传播组群及免疫组群,建立了基于USIR的博客舆情话题传播模型。与之前的研究相比,该模型并不依赖于任何个体实证参数。仿真结果表明,该模型可以真实地描述博客网络中的舆情话题传播规律,并具有较好的预测性能。 "	XTIB201601007
基于信息系统与组织学习的双元能力构建机制:以华为为例	晏梦灵1:33843987|余艳2:27739266|董小英1:06249108	16	组织双元能力; 战略性学习; 业务性学习; 信息系统实施;	"动态复杂的竞争环境要求组织在充分利用已有知识的同时积极探索新机会,形成利用与探索并重的双元能力。本文以国内领先的电信设备制造企业华为为案例研究对象,从组织学习理论视角分析案例公司借助信息系统实施项目构建双元能力的历程。研究发现以组织高层为主的战略性学习和以组织基层为主的业务性学习各有分工又相互配合,企业持续学习能帮助其克服信息系统实施阻碍,挖掘系统潜力,并使组织获取不同业务领域的双元能力。 "	XTIB201601008
信息系统的采用减小了公司规模吗	楼润平1:30828814|盛革2:09367108|孙鹏1:32158817	10	信息技术; 信息系统; 企业边界; 企业规模; 实证研究;	"信息技术(系统)既可以减少企业内部的协调成本和生产成本,又可以减少企业与市场之间的协调成本,因此信息技术(系统)对企业规模的影响存在两种效果。通过收集沪深76家上市公司大约400个样本观察值组成的非平衡面板数据,本文在我国背景下实证检验了信息系统与企业规模(以员工总数和资产总值来衡量)的关系,实证研究发现,使用信息系统后,上市公司的规模在统计上显著减小了。本文还对ERP与企业规模的关系进行了实证检验,研究发现使用ERP后,上市公司的规模在统计上显著减小了。 "	XTIB201601009
实时竞价广告研究述评	"袁勇1,2:21722710|曾大军1:10585457|李娟娟1,2:25582684|秦蕊1,2:25582683"	15	实时竞价; 计算广告学; 互联网广告; 大数据;	"实时竞价(real-time bidding,RTB)是大数据和计算广告技术相互融合而产生的精准广告投放与售卖模式,实现了互联网广告市场由购买""媒体""和""广告位""到购买""目标人群""的模式演进。本文介绍了新兴RTB市场的发展现状、关键参与者和投放流程,并在文献分析的基础上重点讨论了投标行为分析与投放策略优化、广告库存定价与渠道分配、商业模式与交易机制设计以及市场细分与投放效果分析等领域的热点问题。最后总结了RTB市场实践中亟待研究跟进的若干问题。 "	XTIB201601010
组织员工信息系统安全行为研究进展	陈昊:17285628|李文立:06529255|柯育龙:33918142	17	信息安全; 信息系统安全政策; 遵从行为; 违规行为; 信息安全行为管理;	"组织员工的信息安全行为是保障组织信息资产安全的重要前提,而现有国内组织情境下的信息安全研究缺少基于行为视角的系统化探讨。本文致力于梳理现有研究中影响组织员工从事信息安全行为的关键要素。针对信息系统安全政策遵从行为和违背行为,在整合主要理论和解释关键结论差异的基础上,从""需求与控制""视角和""自我管理""视角构建组织员工信息系统安全行为的理论研究框架。同时,阐明了信息安全行为研究未来可能的研究方向。 "	XTIB201601011
学术动态		2	 	"<正>近期主要活动2015年8月25―27日,由哈尔滨工业大学主办的第24届信息系统开发国际会议(ISD2015)在哈尔滨召开。国际信息系统发展会议国际指导委员会委员亨利・林格出席会议并致辞。哈工大首席国际学术顾问、会议项目主席戴伟刚(Doug Vogel)教授主持开幕式。本次会议以""信息系统在医疗管理中的应用""为主题,旨在搭建信息系统领域研究和发展的平台,交流信息系统领域中的最新研究成果,相互借鉴成功经验与方法,把握信息系统领域的 "	XTIB201601012
主编的话		1	 	"<正>本期《信息系统学报》为第16辑,共收录了8篇研究论文和2篇领域综述。此次所发表的8篇研究论文呈现了高度多样化的研究视角和方法。在大数据分析的技术视角上,李良强等综合了语法、词性搭配和最大频繁模式,提出了一种从海量在线评论数据中自动抽取评论标签的文本处理技术;在认知心理学的视角上,郭伏等以智能手机为研究对象,在不考虑品牌差异的情况下,研究不同设计水平智能手机引起的脑电成分差异;运用较为传统的问卷实证方法,李立威 "	XTIB201601001
基于Meta分析的在线评论有用性影响因素模型研究	韩雁雁:31976717|张宁:08200835|房文敏:31976716	13	在线评论有用性; 评论信息特征; 评论者特征; 信息采纳模型; Meta分析;	"在线评论已成为国内外电子商务领域的研究热点,但由于研究视角不一,因此尚未形成相对统一的研究脉络。本文通过梳理国内外在线评论实证研究,以信息采纳模型作为理论参考,构建了一个在线评论影响因素理论模型,并从评论信息特征和评论者特征两个角度出发探讨了评论有用性的影响因素,以及评论有用性对消费者购买意向的作用,然后应用Meta分析方法对多篇实证研究进行数据的再分析,进而对本文研究模型进行检验,结果表明在线评论有用性领域的部分研究结论具有较好的一致性。本文的研究结果有助于对当前在线评论有用性领域的相关研究有一个总体认知。 "	XTIB201501002
Web 2.0环境下一种新型群体支持系统的设计研究	"李嘉1,2:25388259|张朋柱2:08533877|刘璇1:28617632"	13	电子商务; 关键成功因素; 内容分析法群体支持系统; Web 2.0; 设计科学; 人机交互; 信息过载;	"传统的群体支持系统都是在Web 1.0时代开发的,无法满足Web 2.0环境的需求。本研究分析了Web 2.0的特点,将Web 2.0环境下群体支持系统的新需求归纳为四个方面:适合海量数据的信息组织结构、提供研讨统计分析和摘要工具、支持多平台多应用访问和增强的用户体验。进一步的,本文按照设计科学的方法,研究设计了一种新型群体支持系统,来满足这四方面的需求。实验结果表明,用户对其中三项功能(信息组织结构、方案气泡图和研讨报告)都给予了较高的有用性评价。同时,与传统群体支持系统GASS相比,使用新型群体支持系统可以提高感知的决策效果。 "	XTIB201501003
基于多Agent信任机制的电子商务谈判系统研究	曹慕昆:26801045|戴晓沛:34011493|杨兴D:31184188|王爱姣:34011494	12	自动谈判; 信任; 多Agent;	"为了弥补自动谈判中谈判对象的选择方面的不足,引入了电子商务中的信任评估机制。首先,拓展了信任的信息来源,增加了提供者会向消费者提供其周围竞争者的交互记录这一新信息来源;其次,引入了消费者个性特征,使其更符合开放式的多Agent系统环境;最后,把信任机制引入到谈判系统中。通过实验仿真表明,基于信任机制的谈判比无信任机制的谈判有更好的效果。 "	XTIB201501004
基于Agent-RBAC的城市交通信息系统访问控制模型	廖瑞辉1:28589242|周晶1:08039821|陈星光2:33143735|鞠鹏1:31453615	8	Agent-RBAC; 城市交通信息系统; 拥挤漂移; 访问控制;	"在现有的核心RBAC模型的基础上,结合城市交通信息系统的开放性和动态稳定性特点,针对其参与使用系统的部门众多、人员角色复杂多样以及权限划分详细而导致的系统中权限分配的工作量增大和操作不便的问题,提出了Agent-RBAC访问控制模型。将路网拥挤缓解策略与Agent的权限管理相结合,提高了授权的灵活性,为出行者以及城市交通系统管理部门之间实现及时高效的信息沟通提供安全稳定访问,根据一般安全系统具备的特征对角色进行了分类,对各个子类定义了通用的角色约束机制,以避免冲突,有效地解决了交通管理中并行部门众多,管理职能重复而导致传统授权管理僵化的问题,在一定程度上有助于控制拥挤漂移现象,拓宽了城市交通路网控制的技术内涵。 "	XTIB201501005
认知心理学视角下大学生创新能力影响因素研究:以信息管理类专业为例	"李兴国1:07064294|顾东晓1,2:11187499|李慧慧1:30887022|顾佐佐3:30902344"	9	信息管理类专业; 创新能力; 影响因素; 认知心理学; 人格理论;	"本研究从心理学视角,基于人格理论提出了我国大学生创新能力影响因素模型。通过对大学生进行调研,收集了212份有效数据,进行了实证研究。结果表明:创新认知、创新环境、实践活动皆对大学生创新能力呈现正向显著影响。其中,实践活动是最重要和最显著的影响因素,人格特征会对行为特征产生显著影响,但二者与知识体系并不会对大学生创新能力产生显著影响。本研究成果可为我国高等教育教学体系改革、实践教学设计提供理论依据。 "	XTIB201501006
企业信息系统实施与企业绩效的关系研究述评	王玮:24041133|张溢:34011495	14	ERP系统; SCM系统; CRM系统; KM系统; 企业绩效;	"随着企业信息系统在组织管理过程中的广泛应用,如何帮助企业实现绩效提升已成为学术界和企业界共同关注的焦点。本文从企业资源计划(Enterprise Resource Planning,ERP)系统、客户关系管理(Customer Relationship Management,CRM)系统、供应链管(Supply Chain Management,SCM)系统和知识管(Knowledge Management,KM)系统四个方面对企业信息系统影响企业绩效的相关文献进行梳理与回顾,评析了该领域现有研究的不足,并提出对未来研究方向的展望。 "	XTIB201501007
信息安全管理研究回顾、脉络梳理及未来展望	林润辉1:08152837|谢宗晓1:28856122|刘琦2:27331695	14	信息安全; 信息系统安全; 管理学范式;	"信息安全随着信息化程度的提升受到了前所未有的关注。本文按照管理学的四个基本范式:功能范式、诠释范式、激进人本范式和激进结构范式对现有的信息安全管理研究进行了回顾,然后按照范式-时间以及范式-内容两种方法对主要研究进行了脉络梳理,最后总结了目前研究所存在的不足并给出了深入研究的方向。 "	XTIB201501008
互联网中的心流体验研究综述:概念、前因与后果	代宝:45687859|刘业政:07061308	15	心流体验; 概念; 前因; 后果; PAT模型;	"心流体验是人们在完全投入一项活动之中时所感受到的一种积极的心理体验。本文首先系统归纳了互联网环境下的心流体验的含义、特征及构成维度,然后基于PAT模型分别从人、工具和任务等三个方面总结了心流体验的前因变量,接着分别从在线购物、在线学习、在线游戏、在线交流和网络巡航等方面概述了心流体验对网络用户认知、情感、态度、行为意向和行为的影响后果,最后指出了现有研究成果中存在的不足并提出了几点未来研究建议。 "	XTIB201501009
管理信息系统研究的发展历程、现状与未来――与世界一流海外管理信息系统学者的交流与访谈	黄伟1:10177697|汪应洛1:05966413|杨善林2:07063051	20	 	"<正>管理信息系统(Management Information Systems,MIS)是一门自然科学(如电脑科学)与社会科学(如社会学、行为科学等)融合产生的新兴学科,已逐渐被应用于研究许多重要的社会现象与问题,比如电子政务、数字化政府、社会交往网络、信息化与现代社会发展(包括社会、文化、社交模式等方面的发展),等等。其研究的一些主要方法也从社会科学中借鉴与发展而来,如重视实证方法(实验方法,调研方法,以及案例分析方法),运用数理统计方法分析复杂的涉及面广的社会与企业方面的问 "	XTIB201501010
学术动态		2	 	"<正>近期主要活动2015年6月8―12日,由教育部高等学校电子商务类专业教学指导委员会主办、云南财经大学与SAP共同承办的""2015年全国高等学校电子商务类专业骨干教师高级研修班暨internet+背景下的大数据与电子商务智能""学术会议在云南财经大学举办,本次高级研修班的课程主题为""大数据与电子商务智能""。此次培训及会议邀请了来自全球各地的电子商 "	XTIB201501011
主编的话		1	 	"<正>本期《信息系统学报》为总第15辑,共收录了5篇研究论文、3篇领域综述以及1篇专家见解。在研究论文中,针对在线评论这一研究热点,韩雁雁等构建了一个在线评论影响因素理论模型,并应用Meta分析方法对多篇实证研究进行数据的再分析,探讨了评论有用性的影响因素以及对消费者购买意向的作用;李嘉等的论文针对Web 2.0环境的特点进行分析,归纳出新型研讨平台的需求,并按照 "	XTIB201501001
基于资源理论视角的在线外包市场信任形成机制实证研究	卢宝周1:29043203|曾庆丰2:10941038	14	在线外包; 在线外包市场; 信任形成机制; 企业资源理论; 资源依赖理论;	"在线外包是外包发展的最新形式,借助互联网技术驱动的在线外包市场能够使企业与全球外包服务商相联接。构建合理的信任机制是在线外包市场成功运行的关键要素。基于资源理论和在线市场理论,本文提出了一个在线外包市场信任形成机制的研究模型,并通过收集一个典型在线外包市场的数据对模型进行了实证研究。研究发现制度层面的信任对于在线外包使用起到了重要的所用,而市场信任在很大程度上取决于客户对于在线外包市场的资源属性和它作为交易中介的能力的感知,结论将对国内企业制定在线外包战略有重要参考价值, "	XTIB201401002
消费者对移动医疗的初始信任研究	刘咏梅:09980374|车小玲:30733923|卫旭华:45705442	16	移动医疗; 初始信任; 信息系统; 用户;	"借鉴已有移动商务的初始信任模型,本文考虑移动医疗的特殊情境,加入技术焦虑以及信任倾向的调节效应,考察医院的声誉、信任倾向、技术焦虑、结构保证和信息质量等因素对消费者对移动医疗的初始信任的影响,本文利用问卷调查的方法,以204名消费者为样本,验证初始信任模型,研究结果表明医院的声誉、结构保证和信息质量显著增加消费者的初始信任,而个人信任倾向除了正面的直接效应之外,还调节结构保证、信息质量与初始信任之间的关系。 "	XTIB201401003
更丰富的媒介效果一定更好吗? 网络口碑对购物决策的影响研究	"李嘉1,2:25388259|张朋柱2:08533877|刘璇1:28617632"	16	网络口碑; 媒介丰富度; 社会临场感; 在线购物决策;	"网络口碑已经成为影响消费者购物决策的一个重要因素。现有网络口碑影响的研究大多以双重加工理论、归因理论、认知适应理论或负面偏见等理论为基础,从社会临场感和媒介丰富度的视角来研究网络口碑影响的研究还很少。数字、言语和视觉是三种不同格式的网络口碑,它们的组合对应从低到高的媒介丰富程度,本文提出了一个研究模型,来分析网络口碑的媒介丰富度如何影响用户的感知诊断性、系统满意度和决策信心。进一步,我们设计了一个实验,以体验类商品为例来验证研究模型和所提的研究假设,实验结果表明,与""数字""格式的网络口碑相比,提供""数字+言语""格式的网络口碑以及提供""数字+言语+视觉""格式的网络口碑均能改善决策效果,然而,与""数字+言语""格式的网络口碑相比,提供""数字+言语+视觉""格式的网络口碑对决策效果并没有显著改善。这意味着提供更丰富的网络口碑,并不一定总是能得到更好的效果。这一发现为进一步从媒介丰富度视角研究视觉类网络口碑的影响,指明了多个有意义的方向, "	XTIB201401004
社会网络应用与组织承诺:基于企业内部博客的研究	"罗念龙1,2:08231391|郭迅华1,3:08167780|陈国青1,3:08168565|陆本江1:32677594"	12	企业2.0; 社会网络应用; 企业内部博客; 组织承诺; 情感承诺;	"随着社会网络应用系统在企业中的实施与日俱增,这类系统对员工的影响已成为学界和业界所关注的重要议题,在已有文献的基础上,以企业内部博客为例,构建了企业社会网络应用系统使用行为对员工组织承诺的影响模型,界定了企业内部博客使用行为对员工组织承诺的正面影响。进而,利用一个企业的实际调研数据,对该模型进行了实证检验。结果表明,企业内部博客系统使用行为对员工的组织承诺水平存在着总体上的正面影响。将使用行为进行分类后的进一步分析发现,信息获取活动、关系沟通活动以及所收到的反馈对员工的组织承诺均存在显著的正向影响,在此基础上,文章还探讨了研究结果的管理意义。 "	XTIB201401005
安全系统开发同化影响因素研究	宋明秋:06530613|陈冬浩:32677595|李文立:06529255	10	安全系统开发; 信息技术同化; TOE框架; 影响因素;	"基于TOE框架,构建了研究模型从技术、组织、环境三个层面识别了影响安全系统开发(SSD)同化的因素。运用调查样本数据,采用相关分析和回归分析法对提出的假设进行检验。研究发现:安全软件专家、高层管理支持、IT安全管理、规范压力是影响SSD同化的重要因素。最后,讨论了相应的管理启示。 "	XTIB201401006
考虑用户感性偏好的招聘网站首页优化设计方法	刘玮琳:28567117|郭伏:06566732|孙凤良:31817313	13	网页设计; 感性工学; 用户感性偏好; 眼动实验;	"运用感性工学理论,将用户感性偏好作为优化目标,研究网站首页优化设计方法。首先,借助用户浏览网页过程中的眼动行为和眼动数据,结合个人访谈结果,提取网页关键设计要素;然后,根据关键设计要素及其水平的正交组合,设计网页原型;最后,对网页原型进行用户感性偏好调查,应用神经网络和遗传算法的集成进行优化设计。研究结果表明,本文提出的优化设计方法是有效的,获得的优化方案可以为网页设计师提供参考。 "	XTIB201401007
基于云计算的管理信息系统再造研究综述	葛世伦:08100795|王念新:08101838|苗虹:07786238|尹隽:07767271|张浩:15604383|李保珍:22065120	16	云计算; 管理信息系统; 再造; 协同创新; 价值共创;	"云计算作为一种基于互联网的信息技术服务模式,给传统的管理信息系统带来了颠覆性影响,企业只有基于云计算对已有的管理信息系统进行再造,才能实现其蕴含的管理创新和潜在的商业价值,首先,明确了云计算对管理信息系统的影响,归纳了基于云的管理信息系统的主要特征;然后,从云计算的影响与商业价值,云计算技术采纳、云化迁移与云服务选择,云环境下的信息技术职能,云环境下的安全性等方面,对现有云计算相关的研究进行了评述;最后,以协同创新为主线,从管理信息系统云化再造过程视角,展望了基于云的管理信息系统再造的重要研究方向,本文试图为基于云的管理信息系统再造研究梳理出一个较为系统的研究框架,为企业应用云计算技术提供理论指导, "	XTIB201401008
企业RFID技术采纳行为研究进展	李文川:26434414	11	RFID技术; 采纳行为; 研究现状; 元分析;	"作为物联网的关键技术之一,RFID技术的有效采纳对于提高企业技术水平和管理水平具有重要意义。目前,国内外关于企业RFID技术采纳行为的研究已取得一定进展。首先,对信息技术采纳行为理论进行了简单回顾;其次,从理论基础、研究模型、影响因素、研究方法等4个维度分别对企业RFID技术采纳行为的国内外研究现状进行了总结和分析;最后,指出了现有研究的不足及未来研究方向,以便为企业RFID技术采纳行为研究和实践提供新的思路与方向。 "	XTIB201401009
闽台高校信息管理与信息系统专业本科人才培养模式比较研究	罗仙仙:08193893|朱达欣:08248422|陈明玉:08191440|庄世芳:15584646|蔡丹琳:08193342|蔡芬:08248086|卓兴良:17541851	9	闽台高校; 信息管理与信息系统; 人才培养模式; 比较研究;	"为加强闽台高校合作办学,探索海峡两岸高等教育的办学规律,选取闽台各4所高校,对信息管理与信息系统专业及在台湾对等专业,从本科人才培养目标、课程设置情况、主干课程开设情况、实践教学以及毕业论文(设计)五个方面进行比较分析,总结出闽台高校信管专业的办学相似点与不同点,从而为闽台高校人才的联合培养提供参考。 "	XTIB201401010
学术动态		2	 	"<正>近期主要活动2014年6月24日至28日,由国际信息系统协会(AIS)和西南财经大学主办,西南财经大学经济信息工程学院承办的第18届亚太信息系统年会(Pacific Asian Conference on Information Systems,PACIS)在成都举行。国际信息系统领域顶级专家和著名学者及国际顶级学术期刊主编参加了会议。本次会议围绕云计算、商务智能与大数据、互联网金融、移动商务、人机交互与神经信息系统、信息系统安全与隐私保护等29个主题展开讨论,包括 "	XTIB201401011
主编的话		1	 	"<正>本期《信息系统学报》为总第14辑,共收录了6篇研究论文、2篇领域综述以及1篇学科建设研究文章。在研究论文中,卢宝周等基于资源理论和在线市场理论,提出了一个在线外包市场信任形成机制的研究模型,并通过收集一个典型在线外包市场的数据对模型进行了实证研究;同样是针对信息系统中的信任要素,刘咏梅等的论文从微观视角,考虑了移动医疗的特殊情境,加入技术焦虑以及信任倾向的调节效应,以考察医院的声誉、信任倾向、技术焦虑、结构保证和信息质量等因素对消费者对移 "	XTIB201401001
基于信号传递博弈的劝说型定向广告投放研究	赵江:11080404|梅姝娥:06612668|仲伟俊:05965540	11	信号传递博弈; 劝说型定向广告; 广告屏蔽; 贝叶斯均衡;	"企业通过投放劝说型定向广告影响消费者对产品价值的信号判断并形成预期;由于对不同价值类型的产品存在偏好倾向,消费者会对广告采取""接受""或""屏蔽""策略。本文通过信号传递博弈讨论了企业如何针对消费者偏好倾向及其混合策略投放不同价值类型的劝说型定向广告以实现优化。结果表明:劝说型定向广告投放的价值类型取决于消费者屏蔽广告的概率区间。当广告屏蔽概率较小时,企业应投放高价值产品广告塑造高端品牌;反之,企业应投放低价值产品广告塑造低端品牌。 "	XTIB201302002
不同职位权力下CIO角色定位问题分析	丁月:31836290|李东:06267116|任菲:06268656	10	首席信息官(CIO); CIO角色; CIO角色定位; CIO职位权力;	"相比国外企业,中国CIO(首席信息官)在企业中的地位仍然较低,这一现状对CIO工作的开展产生的影响是值得深入剖析的问题。同时,企业信息化的发展要求CIO承担多种角色。实际工作中CIO精力有限,需要在多种角色的重要性之间做出权衡。于是,职位权力对CIO角色定位的影响成为本文关注的问题。研究提出了有效测度CIO角色的量表,并以高管层CIO和经理层CIO两类人群作为职位权力高与低的代表,分析CIO角色定位的特点,进一步提出有针对性的建议。 "	XTIB201302003
社交网络结构对群体观点极化的影响研究	杜诗雨:26257713|齐佳音:06420016	11	社会行为; 计算机仿真; 群体极化; 网络结构; 社交网络;	"群体极化现象存在于大多数在线社交网络信息的传播过程中,对社会观点的形成具有十分重要的影响。作为影响因素之一,社交网络拓扑结构对群体极化现象的影响研究尤为重要。本文基于经典的BA无标度网络模型和群体极化产生机理,提出了改进的局域世界演化模型和群体极化模型。分别基于话题网络和真实网络,探究不同平台网络结构对信息的传播与群体观点形成影响的不同,为社会化网络环境中商务模式的创新提供了理论依据。 "	XTIB201302004
从MGC到UGC――内容在企业微博转发中的作用	严威:31255668|黄京华:08172673|刘丹迪:32677003	14	企业微博; 转发; 病毒式营销; 品牌社区; 推荐奖励计划; 负二项回归; 内容分析;	"在企业微博品牌社区中存在着大量的营销者产生内容。如何激励用户对这些内容在其社会网络中进行转发,转变为用户自发的网络口碑,是企业微博品牌社区运营成功的关键。本文基于病毒式营销、品牌社区理论和推荐奖励计划,运用内容分析方法和负二项回归模型,研究了在从MGC到UGC的过程中内容对企业微博转发数量的影响。通过对6524条企业微博数据的研究发现,企业微博内容以及内容中所传递的品牌信息和推荐奖励计划对企业微博转发数量存在显著影响。本文的研究结论对企业微博品牌社区的内容设计和运营也能够提供一定的实践启示。 "	XTIB201302005
社交网络对消费者购买影响分析――基于社交关系的信任购买模型研究	何玉梅:31359345	10	新兴电子商务; 社交关系; 信任; 网络购物; 移动化;	"社会关系网络通过人际信任来影响消费者对商品的购买行为,而移动终端普及则加剧了""社会效应""。首先,从社交化信息传递机制中抽象出关系程度构念,建立""社交一信任一购买""模型,刻画好友间社交关系亲密度对商品信任网络的影响机制;其次,探究消费者在朋友影响下购买结果对社交关系的反馈机制;最后,引入""移动度""构念将模型拓展至移动互联网。仿真发现社会化购买呈现出""累积效应"",社交关系对不同社交偏好的用户、不同好评度商品影响机制不同;反馈机制不影响购物者与好友关系;移动终端的使用加速社会化信息传递,从而使得购买速率加快并带来""时间价值""。在此基础上提出电子商务企业社交移动化策略的理论支撑。 "	XTIB201302006
房地产开源舆情指数构建与政策影响研究	霍琳:32677004|尚维:15114933|徐山鹰:09684312	10	社会舆论; 情感分析; 网络挖掘; 房地产市场; 事件分析法;	"本文选取互联网上大量的新闻数据作为分析对象,根据新闻数量判断公共媒体对房地产市场的关注程度和情感倾向,利用正类、负类新闻数量合成一个反映公共媒体对房地产市场认知的舆情指数。利用2009年11月到2013年3月的数据进行实证检验,证明所构建的舆情指数对商品房销售面积有较强的解释作用,从而能够反映房地产市场的发展变化情况。其有效性来源是房地产政策对市场的影响,事件分析表明房地产政策对房地产市场有较大冲击,冲击从事件日开始逐渐变大,直到第四周后逐渐减弱。本文集成了文本挖掘、计量经济模型和事件分析法,实现了从构建舆情指数到评价其有效性的完整过程。 "	XTIB201302007
供应链信息系统模式对价值创造的影响――基于供应商视角的多案例研究	吴瑶:11461481|汪鸿昌:26457182|肖静华:10173197	16	介入理论; 供应商; 信息系统; 系统连接; 价值创造;	"本文从供应商视角出发,探讨直连式和窗口式两种供应链信息系统模型对价值创造的影响。以介入理论为基础,提出供应商系统介入性的概念;通过5对供应链企业的案例分析表明,窗口式和直连式供应链信息系统的差异主要表现在数据格式统一性和信息共享完整性两个方面,数据格式统一性对供应商系统介入性有负向影响,信息共享完整性对供应商系统介入性有正向影响。同时,供应商信息系统介入性对供应商运作绩效和战略绩效具有正向影响。本文进一步解释了为什么供应商使用窗口式供应链信息系统仅能获得运作绩效,而使用直连式供应链信息系统不仅能获得运作绩效,还能获得战略绩效。 "	XTIB201302008
社交网站中用户流失要素的理论探讨及实证分析	徐孝娟1:29135350|赵宇翔1:21907016|朱庆华1:08722091|孙霄凌2:25249622	15	社交网站; 用户流失; S-O-R理论; 扎根分析; 民族志决策树模型;	"用户作为社交网站的核心资源,其数量及其活跃程度是网站成功的关键因素。而对于曾经盛极一时的SNS,在一个较短的时间内出现用户数量及活跃程度的大规模衰退,其隐藏的用户流失原因需要深入探讨。本文基于S-O-R理论,以开心网流失用户作为研究对象,从激励理论的视角出发,运用扎根分析和民族志决策树的方法设计访谈内容,同时依据访谈内容抽取用户流失要素并对关键要素进行整理分类。结果表明,用户流失的要素主要包括关系层面、安全层面、经济层面、内容层面、网站设计层面及外部环境因素层面。最后,本文对用户流失的原因要素进行了深入讨论,并给出了相应对策。 "	XTIB201302009
文化智力对离岸信息系统外包成功的影响研究	杨波:09645997|刘明珠:32677005|许翩翩:32677006	14	离岸信息系统外包; 文化智力; 外包成功; 文化差距; 知识转移;	"近年来,全球离岸信息系统外包迅速发展,但研究显示多数是失败的。客户与供应商之间由于文化差距、语言障碍以及领域知识差距导致的协调沟通问题是造成外包失败的重要原因。文化智力作为一种重要的跨文化沟通机制,为研究离岸信息系统外包项目的成功提供了新的理论视角。本文聚焦于离岸信息系统外包情景,研究供应商的文化智力对离岸信息系统外包成功的影响;引入文化差距和知识转移作为中介变量,并探索它们之间的作用关系;最后基于中国供应商的数据进行了实证研究。 "	XTIB201302010
大数据时代信息类学科专业建设的思考	明小波:06502980|孙艳玲:06492352|刘杨:28284571|苏谦:32677007	8	大数据; 信息学科; 专业建设;	"主要以""2013年大数据时代信息类学科专业建设与人才培养研讨会""专家演讲和教师讲解为素材,借助近期相关研究作补充,探讨大数据时代下信息类学科专业建设的可行路径,包括大数据时代信息类学科专业的地位、核心能力、综合能力、实践背景特色及专业身份认同等问题。 "	XTIB201302011
学术动态		2	 	"<正>近期主要活动第19届""海峡两岸信息管理发展与策略学术研讨会""于2013年8月21日―23日在电子科技大学召开。本届会议的主题为""新时代信息管理与电子商务;机遇与挑战""。会议秉承了共同研究与发展的原则,海峡两岸四地信息管理的专家学者聚首一堂,共同对信息管理学科的最新发展进行探讨及交流。""海峡两岸信息管理发展与策略学术研讨会""是海峡两岸四地信息管理学科领域的专家学者为促进学术交流、分享研究成果而举办的系列学术会议,自1994年 "	XTIB201302012
主编的话		1	 	"<正>2013年10月17―19日,信息系统协会中国分会(CNAIS)在贵州省贵阳市举办了第五届全国大会,会议的主题为""大数据背景下的信息系统研究与实践""。来自全国高校信息管理和信息系统相关专业的370多位代表出席了会议。大会邀请了多位国内外知名学者到会作报告,其中包括国际期刊MISQ主编、美国亚利桑那大学的Paulo Goes教授和国际期刊ECRA联合主编、美国伊利诺伊大学芝加哥分校的Christopher Westland教授。130余位作者在分会场上报告了研究论文。大会专门组织了有关学科发展与课程体系建设的院长/系主任论坛,并邀请了教育部管理科学与工程类学科教学 "	XTIB201302001
数据仓库构建之行为模式分析	蒋彬:30359538|余肖生:17402288|王东娟:10829014|姜艳静:16131474|赵美林:17620516	8	数据仓库构建; ETL; 行为模式;	"数据仓库ETL程序的构建与维护在数据仓库的建设与使用中占有举足轻重的地位。传统上的ETL之构建方法分为水平式和垂直式。实践证明,这两种传统方式都没能有效地解决ETL构建过程中生产效率、软件质量、文档质量等方面的问题。通过数据仓库构建的行为模式分析,发现数据仓库构建中可以区分出域通用知识和特殊对象知识。其中,域通用知识是可以重复使用的,在数据仓库构建过程中只需处理一次。据此,ETL程序的生产效率、软件质量、文档质量等可以得到实质性提高。 "	XTIB201301002
搜索竞价广告中关键字最优化策略	杨彦武1:25582682|郭迅华2:08167780|曾大军1:10585457|张杰1:25582685|秦蕊1:25582683	15	策略; 广告策略;	"关键字是搜索竞价广告中联结广告主、搜索用户和搜索引擎之间的重要纽带。关键字的生成、选择与分组等过程一直都是搜索竞价广告主所面临的核心决策问题,并贯穿于搜索竞价推广活动的整个生命周期。本文提出了一个针对搜索竞价推广活动整个生命周期的多层次、闭环关键字策略优化框架模型,分别从关键字的生成、扩展、定位、选择与组合以及动态调整几个方面研究相应的最优化策略。进而,利用实际关键字竞价推广活动的日志数据,设计了相应的搜索竞价关键字策略实验场景,对本文提出的关键字优化模型及其算法进行实际验证与评估。实验结果表明,本文所提出的关键字策略优化框架模型及其算法能够收敛且在很大程度上优于一般广告主所采取的关键字策略。 "	XTIB201301003
基于多模式测量的电子商务网站情感体验研究	"郭伏1:06566732|操雅琴1,2:24702882|丁一1:06552799|屈庆星1:29228027"	13	多模式测量; 初始情感体验; 电子商务网站; 眼动行为;	"根据Norman提出的情感三层次模型,通过生理测量、眼部追踪及主观问卷调查的方法,测量了用户在浏览电子商务网站时的生理反应、眼动行为以及主观情感体验,分析了不同网站三层次情感数据的差异及相互关系,进一步探讨了情感体验对用户行为意图的影响。结果表明:浏览不同电子商务网站时的初始情感体验差异主要体现在眼动行为及主观情感体验的差异;情感体验的三层次之间相互影响、相互作用;情感体验会在一定程度上影响用户的行为意图。 "	XTIB201301004
网络团购中消费者信任影响因素研究	田剑1:07767227|蔡军2:30359539	13	网络团购; 消费者信任; 结构方程模型;	"在网上信任的通用概念模型的基础上,提出了网络团购中消费者信任影响因素的理论模型,通过问卷调查法获得研究数据,并利用SPSS软件分析其信度和效度,在其基础上采用结构方程模型进行验证分析。通过实证研究得出如下结论:消费者个人信任倾向、网站声誉、法律技术环境、交易安全性、商品售后服务对信任有显著的正向影响;感知风险对信任有显著的负向影响;网站功能性又直接对消费者团购意愿有显著正向影响。 "	XTIB201301005
基于DM和ECM-IT的移动社交网络用户持续使用意图研究	李倩:09643183|侯碧梅:28745213	10	移动社交网络; 持续使用; 期望确认理论; 信息系统成功模型;	"近年来,移动社交网络的迅猛发展引起了理论和实践领域的广泛关注。本文在对移动社交网络的特点进行分析的基础上,整合信息系统期望确认模型(ECM-IT)和信息系统成功模型(DM),并引人感知服务可达性因素,构建了移动社交网络持续使用模型。基于研究设计,我们回收了320份有效调查问卷,通过结构方程模型的方法对模型进行了检验分析,同时对促进移动社交网络的持续使用提出了针对性的建议。 "	XTIB201301006
主编的话		1	 	"<正>时近2013年金秋,信息系统协会中国分会(CNAIS)第五届全国大会(CNAIS 2013)即将于贵州召开。CNAIS自成立以来,每两年举办一届全国大会,有效地推动了我国信息系统领域学术研究以及相关学科的建设与发展。CNAIS 2013大会由贵州师范大学承办,主题为""大数据背景下的信息系统研究与实践""。大会紧紧把握新兴技术背景下的新机遇,迎接其所带来的种种新挑战,汇集和展示相关领域的最新研究成果,进一步促进我国信息系统研究工作的交流和发展。大会将邀请多位国内 "	XTIB201301001
信息系统学科结构方程模型使用规范研究	"闵庆飞1:06522345|刘子龙1,2:30360014|刘振华1,3:06528852"	11	结构方程模型; 信息系统; 应用情况; 使用规范;	"作为一种重要的数据分析工具,结构方程模型(structural equation modeling,SEM)已经被广泛应用到多个学科领域。虽然SEM有自身的使用规范和衡量指标,但由于受到多方面因素的影响,对SEM的使用方法和规范依然有很多争议,在信息系统(information system,IS)这样的交叉学科更是如此。本文对近六年间发表在三大顶级IS国际期刊上使用SEM的论文进行了深入系统的统计与分析,以期揭示IS学术界对SEM的实际使用情况,探讨SEM的应用规范、总结规律、发现问题、把握趋势、深化细节,为指引我们未来更好地运用SEM提供指导和建议。 "	XTIB201301007
社会化媒体调查与传统模式调查间的数据质量差异研究	朱文龙:26128217|邵培基:06545515|方佳明:06563278	10	网络调查; 社会化媒体; 数据质量; 回复质量; 社会期望作答;	"论文从回复质量和社会期望作答两个视角研究了纸笔调查、网站调查、BBS调查、微博调查以及即时通信调查间的数据质量差异。结果表明:不同敏感程度的量表会对五组调查的数据质量产生不同影响;同一量表下五组调查在回复质量方面存在显著性差异;量表的敏感程度会对五组调查带来不同程度的社会期望偏差影响。本研究旨在指明五组调查间的模式差异对调查数据质量的影响,以便调查者今后在整合混合模式数据时能够充分考虑可能存在的风险。 "	XTIB201301008
电子商务网站保证标识研究评述	姜锦虎:10177788|吴明杰:25605162|曹欢欢:29267932|丁维:30359540	14	电子商务; 网站保证; 网站保证标识; 评述;	"网站保证标识是电子商务中用来增强消费者信任的重要机制。研究者们基于不同的视角对网站保证标识展开了研究,并且取得了丰富的研究成果。本文从网站保证标识对消费者信任(购买意愿)的影响研究、不同类型的网站保证标识的比较研究、网站保证标识和自我保证的比较研究、对网站保证标识自身特征的研究等角度对现有文献进行了梳理和总结。当前针对网站保证标识的研究角度多样,研究方法以实验室实验为主,主要研究结论尚存争议。在文章的最后,给出了未来可行的研究议题。 "	XTIB201301009
学术动态		1	 	"<正>近期主要活动第十二届武汉电子商务国际大会于2013年5月25―26日在武汉举行。本次大会将由中国地质大学(武汉)电子商务国际合作中心、中国地质大学(武汉)经济管理学院、美国Alfred大学商学院、美国国际商务交流公司主办,信息系统协会(AIS),信息系统协会中国分会,中国信息经济学会,德国海登海姆市巴登-符腾堡州州立合作大学、皇家墨尔本理工大学、美国北达科他州大学商业和公共管理学院、美国新泽西州技术学院管理学院、瑞士库尔理工大学信息 "	XTIB201301010
大连理工大学管理科学与工程学院		1	 	"<正>为落实邓小平同志1979年春访美期间中美签署的《中美科学技术合作协定》,1980年4月中美双方正式确认在大连工学院(大连理工大学前身)成立中国工业科技管理大连培训中心,由此揭开了我国系统培训经济及企业管理干部的序幕。中国工业科技大连培训中心为我国现代教育管理的后续蓬勃发展奠定了坚实的基础,被誉为中国现代管理教育的发祥地。1980年8月,管理工程系成立。1985 "	XTIB201201015
ERP实施中关键用户的角色转变及其影响因素研究	王滢1:22410477|潘绵臻2:24661499|陆璐3:22314109|毛基业3:10374696	13	ERP实施; 关键用户; 角色转变; 组织变革认知;	"本文采用扎根理论取向的数据分析方法,通过一个探索性案例研究,揭示ERP实施中关键用户角色转变的内涵及影响这一转变的因素。主要研究发现是:ERP实施中关键用户的有效参与包括深度参与行为和高度心理投人两方面;成功实施ERP的基础条件包括关键用户良好的个人素质等四个方面;关键用户的角色转变内涵包括其在公司内地位的提升等七个方面,其角色转变受其有效参与和成功实施ERP的基础条件影响。 "	XTIB201201004
主编的话		1	 	"<正>2011年12月2―4日,国际信息系统协会中国分会(CNAIS)第四届全国大会(CNAIS2011)在上海召开。来自中国内地、中国香港和美国等国家与地区的科研院所、高校、企业的230余位专家学者参加了本届大会。大会的主题是""中国信息系统研究:新兴技术背景下的机遇与挑战"",议题包括:信息系统战略与管理、新兴技术采纳与吸收、电子商务与服务创新、社会网络与社交商务、信息产品市场 "	XTIB201201003
企业战略与知识管理战略动态演化路径案例研究	董小英1:06249108|张娜1:06272271|余艳2:27739266	9	知识管理战略; 竞争战略; 动态匹配; 共同演化;	"在动态复杂的竞争环境下,知识是企业最重要的战略资源,但究竟知识管理是如何给企业带来可持续的竞争优势依然是一个黑箱。本研究以李宁公司为案例研究对象,研究中国企业在成长过程中竞争战略与知识管理战略、知识管理能力建设之间的动态匹配与共同演化机制。本文以动态匹配演化理论为分析框架,以案例研究为核心方法,通过对李宁公司访谈等的一手资料,试图发现在过去20年中,李宁公司作为中国快速成长民营企业的典型案例,是如何通过环境的改变来调整自身的竞争战略,以及为了实现战略目标的发展,调整知识管理策略以实现对战略的支持,从而试图对中国民营企业的动态演化路径有更深入的理解。 "	XTIB201201005
基于供应链信息系统的质量改进策略研究	"程兆麟1,2:23485430|肖静华1:10173197|谢康1:10173220"	9	质量管理; 供应链信息系统; 抽样检验;	"本文运用委托-代理模型,分析抽样检验与信息系统控制对供应链质量管理的影响和作用。传统的抽样检验尽管能有效提升产品质量,控制供应商的机会主义行为,但是作为一种事后的控制,无法弥补机会成本的损失,基于供应链信息系统的质量控制能有效地补充传统抽样检验的不足,实现供应链整体收益的帕累托改进。 "	XTIB201201006
基于关系观的电子供应链IT价值形成研究	朱镇:24063974|赵晶:24063681|王菁:25902369	14	关系观; 电子供应链; 技术资产; 关系资产; 合作能力; IT价值;	"IT技术在传统供应链的应用催生了电子供应链,基于Web的信息交互和在线合作赋予了企业与合作伙伴新的商务管理机遇。从单个组织的IS单独应用拓展到多组织的联盟应用,IT价值产生的中间过程变得异常复杂,电子供应链IT价值如何形成是一个新兴的研究议题。本文根据关系观对于组织间关系租的论述,探索性地从技术资产和关系资产整合的视角研究电子供应链IT价值的形成。基于中国制造企业的调查数据,实证研究发现了电子供应链IT价值创造是由两个相互连接的推进阶段构成,技术资产和关系资产的单边整合机制以及电子供应链合作能力的价值驱动机制解释了供应链中IT投资价值的获取路径。 "	XTIB201201007
基于流量来源的网站黏性和购买转化率研究	李彤:27739541|叶强:07003655|李一军:00009369	8	电子商务; 黏性; 购买转化率; 网站流量;	"本文将电子商务访问流量按照来源分为直接访问和间接访问,从这两类访问本身以及不同类型网站这两个层面来探索访问流量来源与浏览黏性和购买转化率的关系。我们采用8万名用户在2008年1月份的网页浏览和在线购物记录进行实证分析,发现直接访客和间接访客的确拥有统计上显著不同的浏览逗留时间和购买转化率,并且进一步对不同类型的网站的访客流量和购买转化率进行了分析。研究结论为挖掘访客价值和网站制定营销策略提供了借鉴意义。 "	XTIB201201008
认知负荷视角下不同复杂度购物网站的眼动研究	"王求真1,2:09348046|曹仔科1,2:27739267|马庆国1,2:10280122"	10	网站复杂度; 任务复杂度; 认知负荷; 眼动;	"网上购物是在互联网上使用最多的应用。网站作为互联网最重要的交互界面之一,其质量对购物网站有至关重要的影响。本研究使用SMI Hi-speed眼动仪,以42名大学生为被试,记录他们浏览不同复杂度网站的眼动过程,以探讨网站复杂度和任务复杂度对用户认知负荷的影响。结果显示:网站复杂度和任务复杂度会影响用户的认知负荷,表现为用户在网站的完成任务时间、注视点数和注视时长,并且任务复杂度会调节网站复杂度对用户认知负荷的影响。 "	XTIB201201009
只逛不买的电子商务用户分析――以淘宝网为例	徐S:25121050|张盼:21642844|丁婕:17259049	12	电子商务; C2C; 用户行为;	"近年来,电子商务成为网络经济各行业中最受关注的行业。尽管电子商务网站注册用户数目巨大,但并不是每一个用户都会最后进行在线交易,很大一部分用户可能上来""闲逛""。对于这么一个巨大的潜在买家人群,了解这些用户的行为特征,并理解他们行为背后的原因成为电子商务服务商和相关研究人员关注的焦点。为了回答这些问题,本论文首先总结了以往电子商务文献的发现。接下来,我们利用淘宝网网站的实际数据,分析了只逛不买的电子商务用户行为。下一步,我们利用实地访谈的办法对闲逛用户背后的因素做出了分析与总结。最后,本文探讨了本研究的理论与实践价值。 "	XTIB201201010
中文网络评论的情感特征项选择研究	王洪伟:08965813|郑丽娟:17258329|刘仲英:00009379|霍佳震:10085688	11	网络评论; 情感分类; 特征项选择; 统计机器学习;	"本文采用统计机器学习方法,对面向情感分类的中文网络评论特征项的选择进行研究。选取词性、词性组合、N-gram作为情感文本的潜在特征项,利用文档频率法对特征项实施降维处理,采用布尔权重法构建特征向量,并采用SVM分类器进行网络评论的情感分类。最后,以手机网络评论为对象进行实验分析,并采用卡方检验测试实验结果的差异显著性。结果表明,中文网络评论的情感分类中,将形容词作为特征项可以获得较高的分类准确率和效率;选用N-gram作为特征项时,分类准确率随着阶数的增加而下降;选取训练语料和特征项的数量对分类效果也有显著影响,但并非数量越多准确率越高。 "	XTIB201201011
基于社会网络的病毒营销传播效率预测	余力:09751886|杨小平:09751479|陈明远:27739268	10	病毒营销; 网络营销; web 2.0; 传播效率; 社会商务;	"病毒营销是随着Web 2.0和社会网络发展起来的一种新型社会化网络营销模式,近年来被许多企业采用。但是,病毒营销的效果到底如何?在一定时间内,究竟会有多少客户被成功营销?本文采用概率统计分析和社会网络分析的方法,对病毒营销的传播效率进行了初步预测研究,试图回答:""假设有某病毒营销网络G（V,E）,对于给定的初始营销用户集合S0,经过一段时间t后,平均能影响的用户数Es0（t）是多少?""作者通过引入影响响应时间,先研究了简单的串联、并联影响传播网络图的传播效率情况,在此基础上研究了一般的社会网络图的病毒营销传播效率,最后用一个实例进行了展示。 "	XTIB201201012
手机银行用户满意度与忠诚度研究	林家宝1:24591271|鲁耀斌2:05970029|徐勇3:27635843	11	手机银行; 满意度; 忠诚度;	"手机银行用户采纳行为的研究比较多,但是,用户采纳手机银行后,关于用户满意度和忠诚度的研究较少。本文基于信息系统期望确认理论和关系营销的信任承诺理论,以手机银行为研究对象,构建了一个移动商务环境下的用户满意度和忠诚度模型,主要分析了确认和感知的有用性对手机银行满意度的影响,以及手机银行的满意度、信任和承诺对用户忠诚度的作用。通过问卷调查,收集了287份有效问卷,采用SPSS 18.0和PLS-Graph 3.0软件进行统计分析,实证结果表明,确认和感知的有用性正向影响用户对手机银行的满意度,满意度、信任和承诺正向影响用户对手机银行的忠诚度。最后,对手机银行的企业提出了对策建议并指出了进一步研究的方向。 "	XTIB201201013
学术动态		2	 	"<正>近期主要活动√2011年12月2―4日,信息系统协会中国分会第四届学术年会(CNAIS 2011)在上海成功召开。本届会议由信息系统协会中国分会(CNAIS)主办、同济大学承办,来自中国内地、香港 "	XTIB201201014
北京航空航天大学经济管理学院		1	 	"<正>北京航空航天大学经济管理学院起源于1956年成立的航空工程经济系,是我国理工科大学中最早成立的管理类院系之一。2007年,管理科学与工程学科被确认为国家一级学科重点学科,学科水平和建设成效全国排名第三。学院现有企业管理系、信息系统与信息管理系、管理科学与工程系、国际经济与贸易系、保险与风 "	XTIB201102014
IT基础设施、战略IT柔性能力与企业竞争优势关系研究	邹沁:27167019|田军:09116369|张海青:24453633	12	IT基础设施; 战略IT柔性能力; 企业竞争优势; 资源基础观;	"本文从基于资源的观点出发,建立了IT基础设施、战略IT柔性能力和企业竞争优势之间的概念模型,并在中国环境下进行了一次实证研究,分析结果显示该模型为企业如何从IT基础设施的角度来开发企业的战略IT柔性能力从而增强企业的竞争优势有明显的指导作用。 "	XTIB201102004
主编的话		1	 	"<正>时近2011年末,信息系统协会中国分会(CNAIS)第四届全国大会(CNAIS2011)即将于上海召开。CNAIS自成立以来,每两年举办一届全国大会,有效地推动了我国信息系统领域学术研究以及相关学科的建设与发展。此外,CNAIS还在各个年度主办了多次专题学术研讨会和培训活动,取得了良好的反响和广泛的肯定。CNAIS2011大会由同济大学承办,主题为""中国信息系统研究:新兴技 "	XTIB201102003
IT投资类型与企业盈利能力――中国上市公司的实证研究	李铧汶:27167020|郭迅华:08167780	8	信息技术; IT投资; IT价值; 企业盈利能力;	"本文从IT投资类型的角度考察信息系统建设对企业盈利能力的影响,将IT投资划分为""购买型""和""项目型""两类,考察1999―2004年沪市209家制造行业企业的IT投资情况,利用统计方法检验了两种IT投资类型其对企业盈利能力的影响。分析结果显示,不同IT投资类型对企业盈利能力的影响存在显著差异,实施""项目型""IT投资的企业,其投资当年和投资后的盈利能力均显著高于实施""购买型""IT投资的企业。 "	XTIB201102005
基于系统动力学的IS服务企业知识资本与服务能力的关系研究	陈智高:07527712|田燕:25925726|马玲:11250004	11	IS服务企业; 知识资本; 服务能力; 系统动力学;	"本文分析了IS服务企业知识资本构成和服务能力的转化过程,运用系统动力学方法描述IS服务企业知识资本与服务能力之间的因果关系,构建了系统动力学模型。设定一个可转化服务能力匮乏而试图加大人力资本开发投人来提高服务能力的IS服务企业,使用Vensim PLE软件进行系统仿真和检验。结果表明,该模型能够较好的解释知识资本与服务能力之间的因果关系,不同阶段的知识资本和服务能力变化趋势符合理论预期。在此基础上,本文给出了研究结论和有助于IS服务企业知识资本开发与服务能力提升的策略。 "	XTIB201102006
IT服务外包承接商能力识别与评价研究	何平:22129107|闵庆飞:06522345|王建军:06506699	13	IT服务外包; 承接商能力; 承接商外包流程; 评价;	"IT服务外包承接商能力研究是近年来服务外包领域学术界和产业界关注的热点问题。通过对已有研究成果的全面整理与分析,总结出IT服务外包承接商的19种能力,然后基于承接商IT服务外包流程将19种能力划分为全局能力和局部能力,并构建了IT服务外包承接商能力模型。以实证分析方法对承接商的全局能力和局部能力进行评价,结合我国IT服务外包产业发展现状对评价结果进行分析与讨论,指出承接商全局能力和局部能力中的关键能力,以期为我国IT服务外包承接企业核心能力的培养提供理论指导与实践参考。 "	XTIB201102007
多任务协调均衡下的IT外包激励机制研究	夏远强:06571189|孙艳:27167021	10	委托代理; 多任务协调; IT外包; 激励机制;	"以IT外包为背景,考虑IT外包多任务委托代理的特点,对Holmstrom和Milgrom的多任务委托代理模型进行扩展,建立了IT外包多任务目标协调均衡的激励机制模型。模型通过调节多任务的激励强度来引导IT服务商对各项任务的最优努力分配,并对激励强度与各变量之间的关系进行深入分析。论文指出由于任务之间的边际努力成本替代性存在,在激励降低IT投资成本方面需要谨慎,IT外包商必须根据各参数的变化科学地安排报酬激励在各个任务之间的分配,实现双方收益的帕累托改进。 "	XTIB201102008
网站使用中用户体验过程模型及实证研究	李皓:27167022|姜锦虎:10177788	12	用户体验; 过程模型; 网站使用; 情感;	"随着技术发展及用户需求提高,用户体验成为决定网站成功的关键因素。本文考虑到用户体验的动态性特征,从用户视角建立了网站使用中用户体验过程模型,并且以一家购物网站为例,通过结构方程模型分析进行了实证研究。研究以情绪/情感理论、认知评价理论和Stimulus-Organism-Response模型作为理论基础,关注网站实际使用过程中用户认知和情绪、情感两方面的反应。结果表明,用户体验的质量显著地影响用户再次使用意向,其中情感体验起着重要作用。 "	XTIB201102009
在线学习成效影响因素研究	李定:06565952|李晓霞:25363678|邵培基:06545515	10	在线学习; 学习成效; 影响因素;	"学习者对学习效果的疑虑是网络教育发展的最大障碍。本文研究在同步和异步学习方式并存的情况下,学习成效的影响因素及其影响程度。首先总结了在线学习成效的评价标准,并依据相关的文献建立了结构方程模型,通过实证对假设进行了检验,概括了在线学习成效的影响因素模型。 "	XTIB201102010
FD-CABOSFV区间变量高维数据聚类	武森:06331570|张文丽:27167023|黄慧敏:27167024|叶俞飞:26377415	11	CABOSFV算法; 属性组合; 模糊离散化; 区间变量;	"针对属性取值为区间变量的高维数据聚类问题,提出基于模糊离散化的CABOSFV改进算法――FD-CABOSFV。针对属性组合利用模糊C均值聚类的思想进行属性取值的离散化,并通过λ水平截取的方式确定各对象对离散化属性的归属,将其转换为二态变量后利用CABOSFV算法进行聚类。采用三组UCI基准数据集将FD-CABOSFV与著名的K-means聚类算法进行比较,实验结果表明FD-CABOSFV更有效。 "	XTIB201102011
学术动态		2	 	"<正>近期主要活动""信息管理与信息系统专业建设与课程(体系)建设研讨会""于2011年5月13―15日在北京中央财经大学举行,本次会议由教育部高等学校管理科学与工程类学科专业教学指导委员会、信息系统协会中国分会(CNAIS)和清华大学出版社主办,中央财经大学、北京信息科技大学承办,目的是研讨和推广信息系统特色专业建设的成果、交流精品课程建设和教学的经验, "	XTIB201102012
更正启事		1	 	"<正>《信息系统学报》第8辑《中国移动政务研究的现状及特征》一文中有一处错误,现更正如下:第64页,基金项目:国家自然科学基金海外合作基金(71028003)。特此说明。 "	XTIB201102013
近期主要活动		2	 	"<正>2010年5月29―31日,第九届武汉电子商务国际大会在武汉举行。本届大会由中国地质大学(武汉)电子商务国际合作中心、中国地质大学(武汉)管理学院、美国Alfred大学商学院、美国国际商务交流公司等联合主办,由国内外多个院所共同协办。信息系统协会中国分会(CNAIS)等作为支持单位。来自美国、德国、意大利、加拿大等8个国家23所高校的44位专家,以及清华大学、复旦大学、武汉大学等多所国内高校的学者参加了此次大会。第九届武汉 "	XTIB201002013
活动预告		1	 	"<正>第十届武汉电子商务国际大会将于2011年5月28-29日在武汉举行。本届大会由中国地质大学(武汉)电子商务国际合作中心、中国地质大学(武汉)管理学院、美国Alfred大学商学院、美国国际商务交流公司主办,信息系统协会中国分会、中国信息经济学会基础理论专业委员会、德国海登海姆市巴登―符腾堡州州立合作大学、美国伊利诺理工学斯图尔特商学院、华中科技大学管理学院、武汉大学商学院、武汉大学信息管理学院、武汉理工大学管理学院、《信 "	XTIB201002014
清华大学经济管理学院		2	 	"<正>正在发生迅速而深刻变化的中国呼唤着众多经济类、管理类英才。成立于1984年的清华大学经济管理学院,始终以""跻身世界一流经管学院之列,造就未来中国乃至世界范围的商业领袖,贡献学术新知,以推动民族经济的伟大复兴""为使命。历经26载的发展壮大,清华经管学院在学科水平、人才培养、科学研究和国际交流方面保持着国内领先水平,成为中国乃至亚洲地区最优秀的经济管理学院 "	XTIB201002015
基于企业能力观的企业IT应用水平研究	彭建平:10071352	10	制度能力; 控制能力; IT应用水平; 模型校验;	"本文在构建企业制度和控制能力对企业IT应用水平影响的理论模型基础上,通过调研和实证分析,检验了提出的假设理论模型,探讨了企业制度能力和控制能力要素间内在关系以及对企业IT应用水平产生影响的内在机理,分析了两种能力如何影响企业IT应用水平提升路径,从而提出了企业抓好制度和控制能力的培育和建设,是推动企业IT应用水平提升,实现企业信息化的关键所在。 "	XTIB201002004
主编的话		1	 	"<正>2009年5月30―31日,第八届武汉电子商务国际大会在武汉举行。本届大会由中国地质大学(武汉)电子商务国际合作中心、中国地质大学(武汉)管理学院、美国Alfred大学商学院等联合主办,由国内外多个院所共同协办。信息系统协会中国分会(CNAIS)等作为支持单位。本届会议包括大会主题发言和7个分会场论文宣读与交流,还举办了企业电子商务应用与高校专业人才培养论坛、研究 "	XTIB201002003
基于结构方程模型的信息系统关键成功因素和知识转移关系实证研究	饶李:21937515|陈智高:07527712	11	结构方程模型; 信息系统; 关键成功因素; 知识转移;	"本文基于理论分析,归纳出7个影响跨组织知识转移和信息系统成功的因素,提出了8条假设。使用主成分分析法,由7个因素的观测变量构造出3个因子变量,构建了描述这些因子、跨组织知识转移和信息系统成功等三类变量之间关系的结构方程模型。由此,通过实证分析,验证假设和结构方程模型,结果表明高层领导支持、项目管理、用户培训、外部支持、组织文化等5个因素对信息系统相关知识的跨组织转移存在正面的影响,知识转移因素对信息系统的成功有正向作用,并进一步得出组织与管理、跨组织知识转移是信息系统获得成功的两个最主要关键因素的结论。 "	XTIB201002005
知识转移机制的规范分析:过程、方式和治理	"左美云1,2:09647049|赵大丽2:25522544|刘雅丽1:25987800"	15	知识转移; 知识转移过程; 知识治理; 知识转移方式; 机制;	"要研究知识转移,就要研究知识转移发生的各种方式,即知识转移机制。学者们由于关注的视角不同,对知识转移机制的理解也不同,因而目前有关知识转移机制的研究显得很混乱。本文在文献分析的基础上,采用规范分析的方法建立了一个规范的知识转移机制模型。该模型将知识转移机制分为三个方面:一是知识转移的过程机制,即知识是如何一步步从一个主体转移到另一个主体的;二是知识转移的方式机制,即知识转移过程中具体采用什么样的转移方式,以及如何选择和组合这些转移方式;三是知识转移的治理机制,即知识转移过程中各步骤的事件是如何被激发或管理的。论文对知识转移的机制类型进行了清晰的梳理和规范化研究,使得不同的研究能够清晰地找到各自的位置,从而有助于知识转移研究在现有的基础上走向深入。 "	XTIB201002006
知识资产视角下电子商务企业价值评价研究	朴哲范:10276059|沈莉:09367824	9	电子商务企业; 知识资产; 资产细化; 贡献度;	"从知识资产理论、企业价值理论和企业经营机制理论出发,在Lev和Sougiannis(1996)、Feltham和Ohlson(1995)以及李鑫元(2002)等研究的基础上,导出知识资产评价模型和各资产对企业总价值的贡献程度。选取了""中国企业电子商务应用500强(2004)""中的53家上市公司为研究对象,时期是2005―2007年,并进行了实证研究。根据实证结果,技术资产对企业价值的贡献度不高;营销资产的投入加大,没能带来期待的收益和对企业价值的贡献。 "	XTIB201002007
技术接受模型研究的范式解析	赵昆:11285590	9	技术接受模型(TAM); 信息系统; 范式; 综述;	"本文应用托马斯・库恩关于科学革命的相关理论,对技术接受模型(TAM)的研究进行正反两方面的分析和思考。首先,简要介绍库恩提出的""范式""及关于科学革命的相关理论,对TAM研究的发展及现状进行必要的讨论;其次,根据范式的概念和判断标准,分析TAM研究作为一种研究范式的学科地位,并按照范式的体系架构对其理论体系进行必要的梳理;最后,针对研究中存在的主要问题作进一步思考。通过分析,有助于进一步探讨TAM研究的科学基础和理论体系,深入认识TAM研究的意义、价值及其今后的研究方向。 "	XTIB201002008
即时通讯产品的用户选择及继续使用行为研究	张千帆:07603492|汪敏:11567236	11	即时通讯; TAM; ECT; 继续使用意向; 结构方程模型;	"即时通讯市场的竞争日益激烈,对用户选择及继续使用行为的研究是制定有效的竞争策略、占有更多市场份额的必要前提。本文综合了技术接受模型(TAM)和期望确认模型(ECM),从期望差距、感知有用性、感知易用性、感知娱乐性、感知风险、感知费用、感知激励和网络外部性8个方面构建了用户选择和继续使用某种即时通讯产品的行为意向研究模型。通过问卷调查收集数据,利用统计软件SPSS对模型量表进行信度和效度分析,并采用结构方程模型的分析软件Lisrel对研究模型的假设进行了检验,最后对研究结果进行讨论,并提出了对策建议。 "	XTIB201002009
网格环境下虚拟企业信息系统中单点登录问题研究	林培旺:23240339|刘东苏:09061571|薛杰:23240338	7	网格; 安全; 虚拟企业; 单点登录;	"本文对网格环境下虚拟企业单点登录安全问题进行了分析,提出了一种基于安全断言标记语言(SAML)的单点登录模型。该模型具有与底层安全实现无关,可与现有安全系统无缝集成等特点,包括请求端、中心安全服务端和目标服务端三个主要功能模块,在设计模型工作流程时充分考虑了其安全性,并注意到网格环境下任务时长可能超出令牌生命周期的情况,给出了相应的解决办法。 "	XTIB201002010
电子中介中多属性商品交易匹配模型与算法研究综述	蒋忠中1:06554155|盛莹2:06578412|樊治平1:05965928|汪定伟3:05966102	9	电子中介; 多属性商品; 交易匹配; 模型; 算法;	"作为电子商务的重要组成部分,电子中介的相关研究备受关注。本文在介绍电子中介基本概念的基础上,综述分析了电子中介中多属性商品交易匹配模型的研究进展,并简要评述了匹配模型的求解算法。最后探讨了多属性商品交易匹配问题进一步的研究方向。 "	XTIB201002011
国际信息系统研究者群体的地域分布及合作模式探讨	邱凌云:23033646	15	信息系统研究群体; 全球化; 地缘分布; 合作模式;	"经过30多年的发展,信息系统作为一个独立的学术领域在全世界的教学研究机构得到了广泛承认。本文通过分析7种信息系统领域公认的高质量英文学术期刊自1977年至2006年的作者数据,试图描绘出国际上从事本领域研究的活跃学者们在地域分布上的特点及其在过去30年间的演进过程。此外,本研究还调查了研究者之间及研究机构之间的协作模式。最后,本文针对这些特点和模式的成因以及它们对我国信息系统研究者的启示做了进一步的探讨。 "	XTIB201002012
企业技术创新的采纳、扩散与内化机制研究综述	祝效国1:25276547|叶强2:07003655|李一军2:00009369	11	技术创新; 扩散理论; 信息技术; 企业信息化; 电子商务; 生产率悖论; 实证研究;	"本文分析和总结了现有的针对信息技术、电子商务等企业技术创新的采纳、扩散与内化机制的研究,在文献分析的基础上,归纳整理了现有针对企业技术创新研究中所采用的主要理论,讨论了IT等技术创新对企业绩效的影响机制研究所遇到的问题,并总结了关于信息技术采纳与内化过程的主要研究进展。基于这些分析,本文以中国企业技术创新研究为背景,指出了该领域未来的研究方向,并提出了企业技术创新研究的基本框架模型。 "	XTIB200902011
电子政务公众采纳问题的研究综述	"蒋骁1:23506265|仲秋雁1:06509224|闵庆飞1:06522345|季绍波1,2:06527174"	11	电子政务; 采纳研究; 影响因素; 实证研究;	"如何推进公众参与是当前中国电子政务发展的首要问题。电子政务公众服务成功的关键取决于公众是否愿意采纳这些服务。本文的目的是在对电子政务公众采纳问题相关研究进行综述的基础上,探讨开展我国电子政务公众采纳问题研究的理论框架、途径及方法。为此,对国内外电子政务公众采纳研究中的理论基础和影响因素进行了系统的分析,在此基础上总结出目前研究中存在的问题。最后对未来研究的方向提出了建议。 "	XTIB200902012
专家通讯:企业信息化专题		1	 	"<正>企业信息化一直是企业发展过程中既充满吸引力又充满挑战的过程。很多管理者曾一度认为信息化可以创造企业的竞争优势,是企业超越竞争对手取得行业领先地位的加速器。然而,随着信息化进程的推进,越来越多的管理者认识到,信息化只是企业发展的辅助工具而非创造神话的""万灵丹""。尽管随着计算机和IT软硬件的普遍应用,信息 "	XTIB200902013
我国企业信息化面临的问题与挑战	林平:25276548	2	 	"<正>回顾我国企业的信息化建设历程,企业管理层对信息化认识不断提高,信息化在企业内部从纯技术层面服务逐步转变为提升生产和管理能力的有效工具,信息系统建设逐步向规范化与集成化转变,信息化对创新业务模式、促进管理变革和提高工作效率提供了有力的支持。但是相比西方发达国家,我国企业信息化程度还比较低。从国资委2008年开展的央企信息化水平评测结果来看,国内大多数 "	XTIB200902014
集团企业信息化发展趋势及问题分析	张国平:20744169	3	企业; 信息化管理; 趋势和问题;	"中国企业的信息化大潮正在以迅猛的势头发展,信息化水平逐渐成为评价企业优劣的重要标志之一。本文简要分析了当前企业信息化的发展及趋势,并就信息化建设中常见的关键问题进行简要剖析。 "	XTIB200902015
金融危机后的中国企业变化	王文京:13404667	3	 	"<正>这次金融危机,无论是对中国经济还是对中国的企业,还是对我们的企业人,包括IT业界,包括CIO,都有重大的影响。也许五年或十年以后,我们回头看这一段所谓金融危机的经历时,就会发现,它带给我们的进步和促进的意义可能会大过它对我们当前经济的压力和负面的冲击。 "	XTIB200902016
网阵革命	张振清:17116729	2	 	"<正>企业管理信息系统发展到了今天,已经越来越强调""多系统集成"",笔者个人对此有深切的感受。举个简单的例子,如果我们在企业内实施了一套财务系统,我们得到了什么呢?从今天的认识来看,可以说,并没有真正得到""财务管理""的提高,也许只提高了""财务资料查询、输出和打印的效率"",因为,如果上了一套""系统"",但这套""系统""收集数据和反馈控制的方式没有变,还是各个业务部门""一 "	XTIB200902017
学术动态		2	 	"<正>近期活动介绍2009年5月8―10日,由教育部高等学校管理科学与工程类学科专业教学指导委员会和国际信息系统协会中国分会(CNAIS)主办,西安电子科技大学经济管理学院承办,清华大学出版社协办的""信息系统专业及课程观摩研讨会""在西安电子科技大学经济管理学院举行。研讨会旨在加强相关专业的师资建设,开阔师生的国际视野,培养信息时代的管理人才,服务于国 "	XTIB200902018
哈尔滨工业大学管理学院		2	 	"<正>哈尔滨工业大学(哈工大)创建于1920年,1954年被国家确定为全国首批6所重点院校之一,1984年被国家列为重点建设的15所高校之一,1996年首批进入国家""211工程""建设,1999年又跻身于国家重点建设的9所大学行列,是以理工科为主,理、工、管、文相结合的多学科研究型大学。哈工大是我国较早建立经济管理类专业的院校,20世纪40年代就建立了""铁路管理、工程经济、 "	XTIB200902019
专业市场IT采纳影响因素研究	邵培基:06545515|梁丽琴:21660811|李俊:06563708	10	IT采纳; 专业市场; 影响因素; 实证分析;	"专业市场的集聚效应和辐射效应对国民经济的发展和产业结构调整具有巨大的拉动作用。IT的出现给传统的专业市场带来了挑战,同时也为其升级和优化提供了有力的支撑。近年来,对组织IT的采纳研究已经成为热点,但是对于哪些因素影响着IT的采纳,国内研究还很少。本文根据四川省专业市场的课题研究,采用Tomatzky & Fleischer提出的TOE模型,结合专业市场发展特点,设计问卷量表,对影响专业市场IT采纳的因素进行了实证分析。 "	XTIB200902005
《信息系统学报》编委会		2	 	 	XTIB200902001
主编的话		1	 	"<正>2009年深秋,《信息系统学报》第5辑如期出版。本辑学报所收录的研究论文,一如既往地体现了管理与技术并重的特点,涵盖了多个不同的研究主题和多样化的方法论。行为视角下的三篇论文以实证的方法分别探讨了市场、企业、个人三个层面,其中包括了电子科技大学邵培基等对专业市场IT采纳影响因素的研究、南京大学郑称德等对ERP实施在企业运营绩效增长中的作用的研究、河北工 "	XTIB200902004
ERP实施与我国企业营运绩效增长的关系	郑称德:08039439	13	ERP; 企业资源计划; 营运绩效;	"本文通过比较上市公司ERP实施前后的财务数据,研究了ERP实施对我国企业营运绩效的影响。实证结果发现:(1)实施ERP系统能够帮助我国企业提高资金管理状况,应收账款周转率和流动资产周转率在ERP实施后有明显提高;(2)ERP系统也能有效提升员工工作效率,单位销售额所需员工数量显著减少,管理费用显著减少;(3)由于所实施ERP系统缺乏生产管理和供应链管理功能,ERP系统实施后库存管理水平没有明显提高;(4)ERP实施成本的摊销会导致企业在ERP运行3年内的营业费用和财务费用显著上升。最后本文根据分析结果给出了相应的管理启示,并指出了ERP绩效研究的发展方向。 "	XTIB200902006
CIO横向影响行为和同级信息化任务承诺关系研究:信任的中介作用	陈晓春:21905775|王云峰:07085120|赵钊:07083152	15	CIO; 影响行为; 横向影响; 同级信任; 任务承诺;	"有效地开发和实施信息化项目和信息系统已经成为许多组织的核心能力。这种能力的体现,关键在于CIO的领导力。而横向影响行为的有效使用对于提升CIO领导力有着至关重要的作用。以往理论研究和实践经验都已表明,CIO必须能够有效地影响以获得组织成员的支持,其中同级对信息化任务的承诺对于成功推动企业信息化尤为关键。本研究基于以往文献研究,展开实证调查,识别了CIO在横向影响情境中经常采用的8种影响行为,并验证了各种行为的效果以及信任的中介作用,以此阐释CIO横向影响行为的作用机制和过程。 "	XTIB200902007
起始价格在英式网上拍卖中的作用与最优设置分析	吉吟东:21712054|李平:06540934|邵培基:06545515	10	网上拍卖; 起始价格; 成交概率; 成交价格; 最优设置;	"本文通过收集淘宝和eBay网站的钱币类、书画(油画)类和教育书籍类数据,从起始价格怎样影响所拍物品的成交概率和成交价格的角度实证研究了起始价格在英式网上拍卖中的作用。研究结论表明,无论是淘宝网站还是eBay网站,卖家设置的起始价格都显著降低了物品的成交概率,但同时也显著增加了物品的成交价格。进一步,基于实证结果,本文还分析了英式网上拍卖中卖方关于起始价格的最优设置问题。 "	XTIB200902008
EPC信息共享网络的隐私保护策略研究	韩水华:11583014|杜超坎:23465280	11	EPC网络; 隐私保护; 访问控制策略;	"安全和隐私是影响无线射频识别(RFID)技术在各个应用领域进一步发展的关键问题,目前尚没有人从管理、运作和技术等层面深入探究过来自供应链整个域上的安全和隐私风险。本文试图研究提出一个面向EPC信息共享网络的隐私保护策略框架,以解决RFID网络大规模部署所面临的各种访问许可与授权问题。首先分析了EPC网络信息共享的隐私保护需求,接着讨论了发现服务的访问控制框架,然后以一个典型的供应链RFID应用实例为背景,围绕用户端的访问控制和服务端的访问控制需求,分析了EPC发现服务应制定出的各种隐私保护策略。最后,针对这种复杂分布式安全策略管理问题,研究了其可能的实现机制。 "	XTIB200902009
基于链接结构和共现分析识别同义词的改进方法	"刘友华1,2:08714378|黄芳1:17695901|张克状1:17695900|李寅2:17695902"	6	同义词识别; 链接挖掘; 共现分析; 相似度;	"同义词自动识别在信息检索、知识挖掘等方面起着重要作用,一直以来都是业界关注的焦点。本文结合网上词典链接分析方法和共现分析方法来自动提取同义词,分别通过分析页面的后向链接信息、重定向页面和对网页内容利用共现分析方法来识别同义词,并给出了算法,实验表明该方法和传统的同义词识别方法相比具有更好的覆盖率和准确性。 "	XTIB200902010
《信息系统学报》征稿简则		1	 	"<正>征稿范围《信息系统学报》倡导学术研究的科学精神和规范方法,鼓励对信息系统与信息管理领域中的理论与应用问题进行原创性探讨和研究,欢迎能结合中国国情的信息系统理论、实践和应用研究。投稿要求理论创新显著、方法规范,对信息系统和信息管理实践及应用具有指导意义。所有稿件必须是未正式发表的稿件。所有被接收稿件,将以中文发表。 "	XTIB200902020
中国信息系统的国际研究分析及对比	卢向华:06706573|冯骏:06696029|黄丽华:06698133	10	信息系统研究; 大陆院校学者; 国际对比;	"本文以中外学者在1998―2007年间发表于国际IT/IS期刊以及国际会议上的文献为样本,系统分析了中国信息系统的国际研究现状,从作者背景、研究主题、分析层次、研究方法等方面归纳中国信息系统国际研究的特点,并与国内信息系统研究(季绍波等于2006总结)及国际信息系统研究(Vessey等于2002总结)的特点进行了比较研究。通过对比发现,发表于国际期刊上研究中国信息系统的文章大多采用国际通用的研究方法,而大陆院校学者仍然沿袭国内的选题习惯。 "	XTIB200901012
国内外信息系统外包理论研究综述	李东:06267116|李猛:06267450	12	外包; 信息系统外包; 研究主题; 基础理论;	"随着企业信息化的发展和普及,信息系统外包的问题越来越引起企业决策者和IT厂商的关注,随之而来的是越来越多的课题需要从理论研究的角度予以说明。本文对近年来国内外信息系统外包方面的理论研究成果进行了分析和归纳,分别从研究主题、研究方法、发表期刊、基础理论等方面进行了对比分析,然后基于上述分析提出了一个信息系统外包理论研究现状的全景图,并提出了对未来研究方向的建议。 "	XTIB200901013
专家通讯:新兴电子商务		1	 	"<正>在过去的10年中,电子商务掀起了一波又一波发展浪潮。电子商务能力不仅已经成为企业竞争力的重要表现形式,也是国家综合竞争能力的一个重要指标。近年来,我 "	XTIB200901014
从NSFC资助项目看我国电子商务的基础研究	冯芷艳:12430394	3	 	"<正>20世纪90年代,随着Internet和互联网技术的发展,电子商务(E-business/E-commerce)兴起,尤以1995年Amazon.com和eBay.com这两个""电子商务企业""的诞生为标志,十几年来,电子商务业务模式被企业高度重视,电子商务在全球快速发展(艾瑞公司统计:2008年,我国网商已愈5 000万, "	XTIB200901015
电子商务――现状和展望	陈禹:10373752	2	 	"<正>作为信息管理的一个重要方面和增长点,近年来电子商务的迅速发展有目共睹。正像30年前,创建我们这个学科的老一辈学者所预言的,经济管理领域的计算机应用将具有最广阔的发展前景,产 "	XTIB200901016
新兴电子商务中的安全问题	冯登国:05967493	1	 	"<正>全球经济发展已逐渐步入信息经济时代,电子商务已迅速发展成为推动社会经济发展的重要力量。我国电子商务的发展已初具规模,并呈现大规模、跨行业、跨组织的发展趋势。但其发展也正面 "	XTIB200901017
中国电子商务的发展及重要研究课题	于刚:23196189	3	 	"<正>近年来,电子商务在中国的迅猛发展引起了国内外的关注。尤其是在金融海啸导致的经济寒冬中,电子商务成了几个为数不多的仍展现盎然生机的暖春行业。根据艾瑞咨询(iResearch 2008年12 "	XTIB200901018
电子商务大规模发展与运营的特征和趋势	梁春晓:22401673	2	 	"<正>经过10多年的探索、普及、深化和近几年的高速成长,我国电子商务步入大规模发展与运营的阶段,并出现一些新的特征和趋势。2008年,我国网民近3亿,手机用户约6亿,稳居全球第一;网络零售突破三个""1"",即网络零售 "	XTIB200901019
“移动营销”促进传统服务业实现跨越式发展	汤海京:16617404	2	 	"<正>随着当今世界经济的不断变革,科技和创新日益成为国际竞争的主导因素,科学技术加速向服务业渗透,并不断衍生出全新的服务业态,使现代服务业成为一个国家和地区经济增长中最具创新性和活力的战略性产业。 "	XTIB200901020
学术动态		2	 	"<正>近期活动介绍2008年12月5―6日,由国家自然科学基金委员会主办的""新兴电子商务发展与中国企业实践暨重大项目启动研讨会""在清华经管学院召开。研讨会旨在进一步探讨国内外新兴电子商 "	XTIB200901021
北京大学光华管理学院		1	 	"<正>北京大学光华管理学院的前身是北京大学工商管理学院,是由1985年建立的北京大学经济管理系和北京大学管理科学中心于1993年12月合并成立的。1994年9月18日,北京大学与光华教育基 "	XTIB200901022
一种求解多模式资源受限项目调度问题的蚁群算法	彭武良:21714686	10	多模式资源受限项目调度问题; 计划与调度; 蚁群算法;	"多模式资源受限项目调度问题是一种著名的NP完全问题,本文提出了一种求解该问题的蚁群算法。相对于现有算法,该算法采用规则池管理和使用大量优先级规则,提升了算法的通用性和性能。另外,每只蚂蚁被赋予自治能力、学习能力和预判能力。自治能力体现在每只蚂蚁具有单独的线程,学习能力体现在蚂蚁可以动态选择更好的优先级规则,预判能力体现在蚂蚁能够通过分支定界的方法排除不可行路径。最后利用PSPLIB标准问题对算法进行了大量的仿真测试,取得了令人满意的结果。 "	XTIB200901006
主编的话		1	 	"<正>时值繁花似锦的2009年春季,《信息系统学报》总第4辑在全国各地信息系统领域研究者的积极支持以及海内外学者的广泛关注下与大家见面了。自创办以来,《信息系统学报》影响日渐扩大,已被信息系统协会(Association for Information Systems,AIS)中国分会(CNAIS)指定为会刊,并全文收 "	XTIB200901005
业务流程中概念模型到逻辑模型的转换	刘曼路1:40635743|范绍坤1:40635744|赵建良1:40635745|窦万春2:08709863	14	业务流程模型; 概念模型; 逻辑模型; 模型转换; 模型验证;	"业务流程管理需要从概念和逻辑这两个层面对企业的业务流程进行建模分析。概念模型通常用于过程分析,实现业务流程的改进与完善;系统实现时则常常依赖特定的逻辑模型,逻辑模型主要用于定义系统执行过程中所涉及的软件模块以及模块间的行为关联。然而,概念模型到逻辑模型的转换非常困难,其转换过程往往产生一些意想不到的错误信息。本文提出了一种有效而准确地进行模型转换的形式化方法。本文首先给出了概念业务流程模型到相应逻辑业务流程模型的转换步骤;接着,根据需求分析的结果,提出了一个模型转换算法;最后,构建了一个用于模型验证的框架,用于检验转换后的逻辑模型与转换前的概念模型是否一致。在该模型验证框架中,概念模型和逻辑模型主要使用业务本体的形式进行描述,一致性约束则由SWRL规则进行描述,并在KAON2推理引擎中进行验证分析。 "	XTIB200901007
企业知识的载体、交汇与转载	陈智高:07527712|郭文婷:23194614	9	知识载体; 知识交汇; 知识转载; 隐含知识;	"基于已有研究成果的分析,指出企业知识载体具有层次性,并构建了一个囊括已知知识载体的层次结构模型。在此基础上,分析了企业知识活动过程中不同载体间知识的交汇和转载过程,认为这一过程也是知识转化和知识创新的过程。通过一个示例,发现个人头脑载体的隐性知识在与应用软件载体知识交汇的过程中会无意识地流露,转化为一类隐含知识,并被转载到数据库中,采用数据挖掘技术与分离技术能间接地显化和获得这类知识。 "	XTIB200901008
现代服务企业e就绪对电子商务能力的影响:基于企业资源观的实证研究	朱镇:24063974|赵晶:24063681	14	现代服务企业; e就绪; 电子商务能力; 企业资源观;	"从RBV视角研究了现代服务企业e就绪与电子商务能力的关系,并基于223家企业数据,运用结构方程建模(SEM)进行了实证研究。结果证实,电子商务能力的形成受到企业战略、IT资源以及知识积累与共享三类e就绪因素综合影响,服务企业的知识就绪是实施电子商务的重要组织资源。研究进一步发现,当前企业的人力资源管理与电子商务运作要求的岗位技能和职能不相匹配,复合型人才不足是电子商务成功实施的主要障碍。进一步讨论了如何在e就绪基础上发展电子商务的策略。 "	XTIB200901009
基于ELM的网上用户初始信任影响因素研究	周涛1:11156937|鲁耀斌2:05970029	9	ELM; 初始信任; 网上信任;	"由于用户感知的高风险和互联网的低转换成本,建立用户的初始信任对于网站来说至关重要。已有的研究往往从TAM、信任的转移等角度考察影响初始信任建立的因素,很少从双重认知处理的角度来考虑信任的构建。本文基于ELM(详尽似然模型),分析了经由中心路线的论据质量和经由外围路线的来源可信性对初始信任的不同作用。对收集的193份有效数据采用LISREL进行分析,结果表明论据质量、来源可信性、自我效能对初始信任具有显著作用。此外,调节作用检验表明,自我效能正向调节论据质量对初始信任的作用,而负向调节来源可信性对初始信任的作用。 "	XTIB200901010
市场、层级与联合:信息技术对经济组织影响的重新评估	REIMERS Kai1:40635746|张楠2:08187243	18	信息技术; 组织结构; 制度结构; 协调;	"本文回顾了Malone等人(1987)提出的""市场化""假设,这一观点认为,与层级相比,信息技术在各类经济活动中的协调作用更多依赖于市场。尽管这一假设得到了实证结果的支持,但反对的声音认为,由于未明确协调机制和治理形式的差别,其理论基础存在缺陷。基于这一差别,本文提出了一系列假设及其理论框架。如果能得到实证分析的印证,那么这一框架将增进我们对信息技术与经济组织间因果关系本质的认识。这些假设的创新强调了治理的联合形式对信息技术在经济活动中发挥持续协调作用的影响。文中还从管理和制度的角度探讨了这些假设的潜在意义。 "	XTIB200901011
《信息系统学报》征稿简则		1	 	"<正>征稿范围《信息系统学报》倡导学术研究的科学精神和规范方法,鼓励对信息系统与信息管理领域中的理论与应用问题进行原创性探讨和研究,欢迎能结合中国国情的信息系统理论、实践和应用研究。投稿要求理论创新显著、方法规范,对 "	XTIB200901023
走向成熟：信息系统学科的演变	Michael D.Myers1:22065258|黄彦2:17323700	8	 	"在信息系统学科研究文献中,已经存在很多关于信息系统学科领域研究现状的争论。其一,关于现实意义与理论严谨性的争论。一些学者认为信息系统的研究过于理论化而缺乏现实意义,另一些学者则认为理论研究上的进步本身就是一种积极的发展。其二,关于同一性和多样性的争论。一些学者认为信息系统研究应该紧紧围绕某些基本的概念,另一些学者则认为多样性其实是一笔宝贵资产。本文希望能够引入一个新的论题――信息系统学科目前的发展阶段。虽然信息系统学科相对较为年轻,但它现在正处于一个过渡阶段。信息系统学科将在这个阶段从成长期走向成熟期。 "	XTIB200802014
学术动态		2	 	"<正>近期活动介绍中国信息管理夏季研讨会(CSWIM 2008)于2008年6月29―30日在昆明举行。此次会议由云南财经大学主办,中国人民银行、清华大学经济管理学院、中科院自动化所与CNAIS共同协办。来自国内外的70多名学者结合信息管理的相关研究及商务智能等进行了深入的学术 "	XTIB200802015
复旦大学管理学院		2	 	"<正>商学历史悠久走过一个世纪的复旦大学是我国最早设立工商管理教育体系的高校,早在1917年就创设了商科,并在1929年正式成立了商学院。20世纪50年代全国高校院系调整,复旦大学工商管理学科教育就此中断。改革开放之后,复旦大学率先恢复管理教育,1977年开始招收管理学科专业学生,1979年 "	XTIB200802016
中国移动商务研究和应用的回顾与展望	汪应洛:05966413	9	移动商务; 移动电子商务; 回顾; 展望;	"移动商务正在成为一个重要的、富有吸引力的研究领域,已经引起我国学者越来越多的关注。本文通过对我国移动商务研究与应用的回顾,分析了我国移动商务的发展现状,并通过与国外相关研究与应用现状的比较,发现我国移动商务研究存在的局限与机遇。针对我国移动商务研究处于初步阶段的现状,作者讨论了今后我国移动商务的发展趋势,对我国移动商务研究做出展望,指出了对我国学者有价值的移动商务研究领域。 "	XTIB200802005
《信息系统学报》编委会		2	 	 	XTIB200802001
主编的话		1	 	"<正>《信息系统学报》创办一年来,致力于发表具有思想性及运用科学严谨的方法论在信息系统研究领域所取得的创新性成果,尤为注重相关理论、方法和应用经验,特别是结合中国问题的探讨,从而对中国和世界信息系统研究和应用做出贡献。我们欣喜地看到,在信息系统协会中国分会(CNAIS)及 "	XTIB200802004
我国企业CIO在信息化建设中的角色：基于Q方法的研究	董小英:06249108|李芳芳:15204061|鄢凡:06271622|刘倩倩:15163189|尹德志:15348384	12	CIO角色; Q方法; 企业信息化;	"企业信息化是优化业务流程、推动管理体系创新和提高企业竞争力的重要实践,CIO(Chief Information Officer,首席信息主管)作为信息技术应用的战略管理者,在这一过程中发挥着重要作用。为了对这一问题有更全面的认识,本文通过Q方法,对我国企业CIO的角色进行了探索性研究。论文以CIO在工作中从事不同活动重要性判断作为确定其角色的基础,将WebQ作为获取数据的平台。研究发现,我国CIO在组织中主要扮演着六种角色:推广者、使能者、执行者、架构师、创新者与战略家。这项研究部分通过实证方法验证和拓展了CIO角色的概念模型和角色定位,发现了我国CIO与国外CIO的角色差异,明确了我国CIO目前关注的核心活动。 "	XTIB200802006
信息技术采纳研究的元分析：2000―2006	"闵庆飞1:06522345|刘振华1:06528852|季绍波1,2:06527174"	11	信息技术; 采纳研究; 元分析;	"信息技术采纳研究(IT Adoption Study)一直是信息系统(IS)学科的重点研究领域,历经20多年产生了很多经典理论成果,但仍方兴未艾。对经典采纳理论的完善和改进从未停止,也不断有学者以新视角、新理论来解释人们对IT的采纳行为和过程,其研究对象也随着IT本身的飞速发展而不断变化。为了全面了解采纳研究的发展现状和最新趋势,本文回顾了2000―2006年间发表在IS领域重要期刊上及ICIS会议收录的IT采纳研究论文211篇,从理论基础、研究层次、因变量、系统类型及研究方法等多个方面进行了系统的元分析。根据元分析结果,我们探讨了IT采纳研究今后可能的创新领域,对采纳研究未来的发展方向提出了建议。 "	XTIB200802007
企业信息化成就及IT商业价值体现的实证研究	李东1:06267116|邱惟明2:22069691	15	企业信息化; IT商业价值; IT生产率悖论;	"随着中国企业的信息化逐渐向广度和深度发展,企业对IT/IS的依赖有增无减。信息技术如何产生IT商业价值,已成为许多学者和企业经理人极为关心的课题之一。本文通过对中国企业信息化成效的实证研究,分析了我国企业信息化成就对IT商业价值的影响,以及在服务业企业与制造业企业的IT商业价值是否存在显著差异两个问题。研究结果表明,高信息化成就的企业,其IT商业价值显著高于对照组的企业,服务业企业的IT商业价值显著高于制造业企业。 "	XTIB200802008
企业信息资源配置、组织变革与企业绩效――基于结构方程模型的实证研究	沈波:07846179|徐升华:07848148	11	信息资源配置; 组织变革; 企业绩效; 结构方程模型;	"论文在分析国内外已有相关研究成果的基础上,提出目前企业信息资源配置与企业绩效关系研究的理论和实践意义,建立企业信息资源配置对企业绩效影响的概念模型。从企业信息资源构成的三个要素出发,提出了企业信息资源配置测度的三个维度――信息内容配置、信息技术配置和信息人员配置,以及相应维度的测度指标。通过结构方程模型实证分析验证了企业信息资源配置对企业绩效的间接正效应,提出企业信息资源配置通过对组织变革的影响来间接影响企业绩效,研究了组织变革在企业信息资源配置和企业绩效之间的中介作用。 "	XTIB200802009
国家投资项目网上招投标系统采纳影响因素研究	李菁菁:06565996|邵培基:06545515|赵玉华:10975702	9	电子商务; 信息技术采纳; TOE模型; 网上招投标;	"本文以Tornatzky和Fleischer提出的TOE理论模型作为分析框架,针对建筑业网上招投标系统采纳的具体情境,从技术、组织和环境三方面的因素分析了影响采纳的具体因素。结合中国建筑企业自身的规模和类型、管理层的信息化意识,以及中国的社会经济文化环境等,提出了网上招投标系统的TOE采纳影响因素模型。 "	XTIB200802010
从维基分类系统构建中文语义词典研究	罗志成:15625552|马费成:09018804|吴晓东:22013992|宋倩倩:22065256	10	维基百科; 语义词典; 关系识别;	"本文把维基百科的页面分类系统看成一个概念网络,根据网络的链接特征和句法分析匹配的方法来标注类目之间的语义关系,自动构建了一个大规模的包含大量父子关系与类-实例的语义词典。与人工判别实验的比较结果表明,关系自动识别方法取得了较好的识别率和准确率。 "	XTIB200802011
基于高维稀疏数据聚类的协同过滤推荐算法	姚忠:06307910|魏佳:22065858|吴跃:06304896	19	推荐系统; 协同过滤; 项目聚类; 项目类别评分; IBCRA;	"针对协同过滤推荐算法面临数据高维稀疏特征时推荐效果较差的缺点,在现有高维稀疏数据聚类研究的基础上,利用评分数据稀疏差异度和项目类别构造集合差异度度量公式,用以在用户―项目评分矩阵上进行项目聚类。在此基础上进行项目相似性计算和最近邻居查询,然后对用户未评分的项目进行评分预测,进而产生推荐。实验证明本文提出的基于稀疏差异度和项目类别的项目聚类算法及在此基础上的协同过滤推荐结果优于传统的K-means聚类算法基础上的推荐效果。同全项目集协同过滤推荐相比较,在效率和推荐精度上也表现出一定的优越性。 "	XTIB200802012
我国管理信息系统(MIS)领域人机交互(HCI)研究评述	邢一亭:21929245|岳延贞:22065257|王刊良:05968927	13	管理信息系统(MIS); 人机交互(HCI); 评述;	"本文通过对我国1990年至2006年MIS领域HCI论文文献进行实证研究,从研究主题、研究方法、参考学科、分析层次、研究情境、个体特征6个角度分析了我国MIS领域HCI研究的现状,并通过与国外相关研究的比较,发现我国MIS领域HCI研究在研究主题、研究方法和研究情景方面存在的差距。最后对今后我国的HCI研究做出展望,指出对我国学者有价值的HCI研究领域。 "	XTIB200802013
《信息系统学报》征稿简则		1	 	"<正>征稿范围《信息系统学报》倡导学术研究的科学精神和规范方法,鼓励对信息系统与信息管理领域中的理论与应用问题进行原创性探讨和研究,欢迎能结合中国国情的信息系统理论、实践和应用研究。投稿要求理论创新显著、方法规范,对信息系统和信息管理实践及应用具有指导意义。所有稿件必须是未正式发表的稿件。所有被接收稿件,将以中文发表。 "	XTIB200802017
主编的话		1	 	"<正>《信息系统学报》自2007年秋季创刊以来,得到了全国各地信息系统领域研究者的积极支持以及海内外学者的广泛关注。第1辑所刊载的一批高水平研究论文,也得到了良好的反响和高度的评价。其中,信息系统学科创始人、美国明尼苏达大学教授Gordon Davis专门作序,对信息系统学科的发展进行了回顾和前瞻。海外学者如MIS Quarterly前主编、美国哈佛大学McFarlan教授就IT治理,国 "	XTIB200801003
推荐系统研究进展及展望	刘鲁:17348024|任晓丽:06310793	9	推荐系统; 协同过滤; 电子商务; 在线拍卖;	"在网络和电子商务环境下,推荐系统得到了广泛的应用。本文在建立了推荐系统的研究内容框架的基础上,从用户信息收集和用户建模、个性化推荐算法、推荐系统的评价及推荐系统的应用等四个方面对推荐系统的现有研究成果进行了系统的评述,并指出了推荐系统未来研究热点和发展方向。 "	XTIB200801013
学术动态		2	 	"<正>近期活动介绍2007年11月8―10日,CNAIS第二届学术年会(CNAIS 2007)在云南举行。此次会议由云南财经大学承办。AIS主席Dennis Galletta教授、AIS前任主席Michael Myers教授等人做了大会报告。会上还选举产生了CNAIS第二届理事会。相关信息见CNAIS网站:http:// cnais.sem.tsinghua.edu.cn/cn。 "	XTIB200801014
西安交通大学管理学院		1	 	"<正>西安交通大学管理学院始建于1928年,1984年12月重建,是我国最早的管理学院之一,现有管理科学与工程和工商管理两个国家一级重点学科,及其博士点和博士后流动站,是国家第一批工商管理硕士(MBA)和高级工商管理人员工商管理硕士(EMBA)试点学院之一。学院一直是中国最有影响的管理科学研究与管理人才教育基地之一,在高标准、严要求、坚持质量第一的理念指导下,培养了大批优秀的高级管理人才,学院现已逐步发展成为""育人中心、科学研究中心、社会服务咨询中心""。西安交通大学管理学院在教育部2006年公布的学科排名中,""管理科学与工程""及""工商管理""一级学科均排名全国第一。 "	XTIB200801015
Graph-NB：一种高效准确的多关系朴素贝叶斯分类算法	刘红岩:17345927|陈海亮:08175960	11	多关系分类; 朴素贝叶斯分类; 深度优先; 广度优先;	"多关系分类是数据挖掘领域中的研究和应用热点。已有多关系朴素贝叶斯分类算法将所有与目标表相连的表都考虑在内,包括语义关系很弱的表。为此,本文提出一种新的分类算法―Graph-NB。它通过对表进行剪裁,达到优化语义关系图,从而一定程度上消除无关表对分类影响的目的。该算法实现了深度优先与广度优先两种遍历策略。实验结果表明,语义关系图的优化可以提高分类准确度和运行效率,相比于其他算法,该算法运行时间短,分类准确度高。 "	XTIB200801004
基于双向混合搜索的最大频繁项集发现算法	陈富赞:05966149|李敏强:08885671	7	数据挖掘; 关联规则; 最大频繁项目集; 双向混合搜索;	"本文给出了一种基于层次搜索空间的、适应性更广的双向混合(Two-Way Hybrid)搜索方法,能够在迭代早期发现尽可能多的最大频繁项集,还给出了有效的搜索空间分解及剪枝策略,使得搜索空间在迭代过程中能够最大限度地快速缩小。文中对所提出的算法进行了计算实验与分析。 "	XTIB200801005
群体研讨信息可视化模型研究	张兴学:08578763|张朋柱:08533877	10	群体研讨; 研讨信息; 可视化模型; 共识;	"群体决策研讨信息可视化可以促进群体成员交流,激发群体创新从而有效辅助决策。本文建立了包含七大要素的群体研讨信息可视化模型,给出了可视化由简单到复杂的三种类型(自然式可视化、自主式可视化和智能式可视化)定义及其具体形式,设计实现了基于该可视化模型、支持群体研讨创新的可视化系统,有助于促进群体创新从而有效达成共识和辅助决策。 "	XTIB200801006
基于Multi-agent的一对多淘汰制谈判模型研究		8	一对多淘汰制谈判; 合作可能度; 协商策略; 谈判轨迹图;	"本文提出了一种一对多淘汰制谈判模型。与一对多并行谈判模式相比,它可以减少并行谈判中协调Agent的复杂性,及Agent之间的通讯成本,并能避免并行谈判中不公平现象。模型中提出合作可能度的概念,并逐步淘汰合作可能度较小的卖方,减少谈判成本。本文将卖方分类,对它们按照不同的策略计算反报价,在此基础上确定对卖方下一轮次的统一报价。这种方法既保证了谈判的质量,又减少了Agent之间的通讯成本,能够更有效完成一对多谈判过程。 "	XTIB200801007
B2C电子商务个人采纳意向影响因素综合模型研究	黎利:17346990|刘咏梅:09980374	11	B2C电子商务; 技术采纳模型; 采纳意向; 验证性因子分析; 结构方程模型;	"基于技术采纳模型,结合B2C电子商务特点,增加感知风险、感知娱乐、信任、安全和隐私、主观规范、网络经验等六个新因子,构建了B2C电子商务个人采纳影响因素综合模型,并收集数据进行了探索性因素分析、验证性因素分析以及结构方程建模分析。实证研究结果表明:(1)影响总体B2C电子商务个人采纳意向的因素为感知有用性、安全隐私、主观规范以及感知娱乐;(2)网上购物、网上银行、网上旅游三个B2C电子商务个人采纳意向的影响因素存在行业差异。 "	XTIB200801008
基于TAM的在线信任模型及实证研究	李沁芳:10943018|刘仲英:00009379	7	技术接受模型; 信任信念; 结构方程模型;	"根据技术接受模型TAM和电子商务信任相关理论,本文提出了基于TAM的在线信任模型,进而采用结构方程模型对理论模型和研究假设进行了实证分析。分析结果表明,用户对网站的易用性感知将显著影响其网站有用性感知和在线信任信念,而感知的有用性和信任信念又将对用户的在线信任行为意向产生显著影响。 "	XTIB200801009
网上银行可用性测评	张结:10374696|毛基业:17349538	11	可用性; 网上银行; 导航菜单; 以用户为中心的网页设计;	"本文运用实验室对比实验方法研究国有商业银行网上银行的可用性。首先我们对可用性原则、以用户为中心的网页设计理念和国内外相关研究做了简要回顾,然后针对研究假设和模型,对两家银行的网上银行进行了可用性对比实验,评价了它们在导航菜单名称易理解性、关键信息明显性和浏览页面个数这三个方面存在的问题。数据分析结果显示,导航菜单名称易理解性和关键信息明显性对系统有效性、效率和用户满意度有显著影响。最后,本文根据研究结论提出适用于网上银行的可用性原则和合理化建议,对我国网上银行的发展具有一定的参考价值和实践意义。 "	XTIB200801010
信息系统需求驱动自适应体系结构的研究	甘仞初:17346128|崔国玺:00004989	9	信息系统体系结构; 需求驱动; 分层结构; 映射; 自适应机制;	"本文介绍了信息系统体系结构的概念、特点以及对于当前信息系统建设的重要意义,综述了信息系统体系结构的研究和应用情况,阐述了作者提出的需求驱动的自适应体系结构(Requirement-Driven Adaptive Architecture,RDAA)的总体框架,论述了它的分层结构的特点和层间映射以及基于案例推理、基于规范推理和协商协调相结合的自适应机制,对RDAA处理复杂问题、适应环境变化、自我完善和自我发展的能力进行了讨论。 "	XTIB200801011
基于实物期权方法的信息系统实施决策研究	李慧:17347067|仲秋雁:06530975|裘江南:06509224	7	信息系统; 决策; 实物期权;	"本文基于实物期权方法分析企业信息系统实施决策的有关规律,针对企业实施信息系统的阶段性特征构建投资决策的概念模型,利用一般化随机过程刻画信息系统实施的风险,在无套利均衡分析基础上得到决策柔性的价值表达式,综合形成信息系统项目价值的优化模型,并结合案例实证估算柔性决策所蕴涵的实物期权价值,分析实物期权对系统实施决策的影响。算例分析的结果显示,在信息系统实施时,存在最优的系统投资规模或资金分配比例,使得系统实施价值最高。 "	XTIB200801012
《信息系统学报》征稿简则		1	 	"<正>征稿范围《信息系统学报》倡导学术研究的科学精神和规范方法,鼓励对信息系统与信息管理领域中的理论与应用问题进行原创性探讨和研究,欢迎能结合中国国情的信息系统理论、实践和应用研究。要求投稿理论创新显著、方法规范,对信息系统和信息管理实践及应用具有指导意义。 "	XTIB200801016
创新的机遇	WATSON Richard1:08821783	9	信息系统期刊; 变革; 知识管理系统;	"分析了信息系统期刊中现行体系和观念的缺点,为《信息系统学报》提出了一种新的体系模型。该模型重点关注那些有助于变革、问题的解决和财富的创造的研究。在此框架下,研究成果可以易于查询、易于重排格式的电子化形式发表。 "	XTIB200701014
无处不在的网络社会中的知识网络	王众托:06532323	7	无处不在的计算; 无处不在的网络社会; 电子标签; 知识网络;	"扼要介绍了无处不在的计算与无处不在的网络社会的提出及其基本概念,提出需要识别在无处不在的网络中知识的存在与作用。对显性与隐性知识、个人与组织知识的特点及其在网络中传播与运用,在创新与决策中的作用进行了探讨。研究了知识网络作为复杂超网络的特点,第二代互联网及其中的新应用对知识网的影响,展望了其在中国建立创新型国家中的重要作用。 "	XTIB200701005
序――贺《信息系统学报》创办		2	 	"<正>我很荣幸能够为《信息系统学报》作序。每当回想起我们创立管理信息系统(MIS)学科以来所发生的巨大变化,以及课程设置上的相应改变时,我总是惊叹不已。1967年,我和我的同事们在明尼苏达创立了第一个MIS专业。当时,计算机已经开始被用于组织中的日常数据处理,如工资管理、库存管理、生产进度控制等。设立这一学科的初衷在于我们和这个领域中的许多领导者都意识到计算机技术在提升组织管理能力方面的巨大潜能,具体表现在为组织中的各级决策者提供更好的、及时的、以决策为导向的信息。我们意识到在计 "	XTIB200701003
主编的话		2	 	"<正>在过去的20年中,随着Internet的发展和普及,经济的全球化与信息技术的进步共同营造了一个崭新的商务环境。信息技术在人类经济、社会、生活中的全面渗透,对于企业的经营活动、社会组织的运行方式以及人们自身的行为习惯,都产生了深远的影响。特别是在商务和生活环境的方方面面都可以看到信息技术的痕迹。不断推陈出新的信息技术及其与经营活动日益密切的相互渗透与融合,构成了""信息时代""的主要特征。 "	XTIB200701004
全球信息经济中的治理	MCFARLAN F.Warren1:15608223|张楠2:08187243	8	IT治理; 战略网格; 技术学习;	"治理是信息技术领域的永恒话题,在21世纪之初这一问题显得尤为重要。在这个新时代哪些保持不变?哪些又发生了改变?为了深入探讨组织面临的IT治理问题,两个重要的框架:战略网格和技术学习,被引入作为分析方法。在这些框架下,本文还讨论了在IT治理中起到积极作用的四个群组及它们在不同类型企业中面对IT治理问题的不同应对。 "	XTIB200701006
荟萃分析：信用评价能促进网上拍卖吗	刘跃文1:09572169|陈华平2:15611248|魏国基3:15611580	18	网上拍卖; 信用评价系统; 信号; 荟萃分析;	"信用评价系统是网上拍卖研究中的一个热门研究课题。信用评价能否作为卖家信誉度的信号,能否影响拍卖结果?信用评价系统能否对网上拍卖产生促进作用?国外学者在这方面的研究中,得出了不一致的结论。Snijders和Zijdeman(2004)指出,这些不一致结论的原因可能是拍卖商品和拍卖特性的不同,以及数据处理法方法的多样性。为解决这一问题,我们使用合并置信度检验的荟萃分析方法,综合42篇相关文献中的数据,研究了信用评价等因素对网上拍卖结果的影响。数据分析结果显示,信用评价系统对网上拍卖有显著的作用:""好评""对拍卖结果有普遍的正面影响;""中评""则没有显著的正面或负面影响;""差评""有显著的负面影响。另外,一些其他因素,包括起拍价格、指导价格以及拍卖商品信息披露程度,对拍卖结果也有显著影响。我们的研究结果表明,信用评价系统提供了卖家信誉度的有效信号,能显著地影响拍卖结果,对网上拍卖有良好的促进作用。 "	XTIB200701007
信息技术采纳中的相对优势研究	关锦勇1:15608985|周荫强2:15612527|任明3:08823381	12	相对优势; IT认知; IT使用认知; 优越性; 替代性; IT采纳;	"重新研究相对优势概念中的若干问题,将最初的概念扩展为实证上相关联,但是在概念上独立的两部分。第一个是优越性认知,指新技术被认知到的比原技术更好的程度。另一个是替代性认知,指新技术被采纳的话,它被认知到的替代原技术的顺利程度。我们从(替代传统媒体的)某在线服务的528名潜在采纳者那里收集了数据来评价这两部分。结果显示,这两部分的定义是合理的。优越性认知通过替代性认知对意图产生影响。也就是说,在线服务被认为比传统媒体越好,一旦它被采纳的话,取代传统媒体就越顺利,那么采纳在线服务的意图也就越强。但是,另一方面,即使在线服务被认为比传统媒体更好,但被认为不可能顺利替代传统媒体,那么采纳意图最终也未必实现。我们的研究结果为当前相对优势的研究结论中一些不一致(instability)和矛盾提供了可能的解释,供相对优势度量的进一步研究参考之用。 "	XTIB200701008
基于Trust-TAM的移动服务消费者采纳研究	鲁耀斌:05970029|邓朝华:10828329|章淑婷:15612296	14	移动商务; 信任; 技术; 接受模型;	"基于技术接受模型和信任理论,研究了移动商务环境下影响消费者定制移动服务的因素,建立了消费者定制移动服务的假设模型,利用SPSS 13.0和LISREL 8.72两种软件对调查结果进行了信度效度分析、假设检验,并分析了数据的中介和调节作用。根据研究结果,文章最后提出了一些移动服务营销策略。 "	XTIB200701009
企业IT应用水平评价模型及实证研究	肖静华:10173197|谢康:10173220	19	信息技术(IT); 企业IT应用水平; 评价模型;	"在对30家企业进行实地调研和对64位企业管理者进行深度访谈的基础上,作者提出企业IT应用水平评价的概念模型,并开发出相应的调查问卷。此后,对中国18个省、市、自治区的132家企业进行实地调研,对268位企业管理人员进行深度访谈,以面对面的方式获得调查问卷数据。应用结构方程方法检验了评价模型的有效性。在此基础上,按照企业性质、行业、规模、应用信息系统时间等标准对企业IT应用水平进行了分组比较分析,并对结构性约束因素对企业IT应用水平的影响进行了实证分析,为进一步分析影响企业IT应用水平的关键因素提供了研究基础,也为企业提高IT应用水平和实施信息化标杆管理提供了依据。 "	XTIB200701010
面向互联网评论情感分析的中文主观性自动判别方法研究		13	互联网; 评论; 中文; 主观性判别; N-POS模型;	"作为非结构化信息挖掘的一个新兴领域,网络评论情感分析引起了人们的极大兴趣。利用对互联网上客户评论信息的挖掘与分析结果,消费者可以了解其他用户的态度倾向分布,做出更好的购买决策。销售商和生产商可以获得用户对其商品和服务的反馈,了解用户对自己和对竞争对手的评价,从而改进产品、改善服务,获得竞争优势。实现情感分析的前提是有效识别文本中表达主观感情、态度和观点的内容,对文本中的主观性成分进行判断。目前,这一领域的研究主要针对英文评论进行。随着中文网络信息的不断发展,如何对中文网络评论进行自动情感分析已经成为一个迫切需要解决的问题。中文评论情感分析中的一个基础性的问题就是如何对中文评论的主观性进行判断。本文提出了一种根据连续双词词类组合模式(2-POS)自动判断句子主观性程度的方法。在对主观句与客观句的分类试验中,两类语句的查准率和查全率都已接近目前英文同类研究的结果,初步表明了该方法的可行性。 "	XTIB200701011
面向主体的多源信息融合系统建模研究	杨善林:00002028|罗贺:07064420	10	Agent; 多源信息融合系统; 系统建模; 合成规则;	"利用面向主体的建模方法分析了多源信息融合系统的建模需求,对系统中的Agent角色进行了划分,并讨论了多种角色的功能及形式化模型,构建了面向主体的多源信息融合系统模型框架。在此基础上,针对无人驾驶飞机机载传感器的信息融合问题建立了仿真系统,分析了系统中各种角色的结构模型,提出用基于焦元的证据理论合成规则作为多源信息融合系统中的合成算法。仿真实验表明,系统对环境变化具有较好的适应性,并能够有效避免冲突带来的不利影响。 "	XTIB200701012
电子中介的多目标交易匹配问题及其优化方法	汪定伟:05966102	8	电子中介; 多目标匹配; 群落选址算法; 多养分矩阵;	"电子中介是电子商务的一个极为活跃的研究领域。针对电子中介的多目标匹配问题建立了多目标的指派模型,并提出一种多养分的群落选址算法(CLA)进行求解。该算法将原始CLA的单一养分矩阵扩展为多个养分矩阵,利用作物在多种养分滋养下生长的快慢来自动挑选多个指标,从而回避了对多目标决策中多目标向单目标转换的问题。以上方法用于一个工作中介的交易匹配问题中,获得了良好效果。 "	XTIB200701013
CNAIS简介		1	 	"<正>信息系统协会(Association for Information Systems,AIS)是全球范围内信息系统与信息管理领域最重要的学术团体之一。AIS有力地凝聚了各国信息系统领域的学术力量,所举办的国际信息系统年会(ICIS)也已经成为相关学科中最具影响力的学术会议。AIS已经在世界十余个国家和地区建立了分会(chapters),这些分会既是本地区信息系统领域学术交流与合作的中枢平台,也是各地区学者与世界联系、沟通的纽带。 "	XTIB200701015
CNAIS重要活动		1	 	"<正>2005年11月4～6日,CNAIS成立大会暨第一届学术年会(CNAIS 2005)在北京举行,本次会议由清华大学经济管理学院承办。全国人大常委会副委员长成思危教授、AIS主席Michael Myers教授到会致辞。AIS前任主席Richard Watson教授、中国工程院院士王众托教授做大会报告。会议选举产生了CNAIS第一届理事会。 "	XTIB200701016
《信息系统学报》征稿简则		1	 	"<正>征稿范围《信息系统学报》倡导学术研究的科学精神和规范方法,鼓励对信息系统与信息管理领域中的理论与应用问题进行原创性探讨和研究,欢迎能结合中国国情的信息系统理论、实践和应用研究。要求投稿理论创新显著、方法规范,对信息系统和信息管理实践及应用具有指导意义。 "	XTIB200701017
