篇名,作者,页数,关键词,摘要,filename
导读,,1, ,"<正>随着大数据处理从粗放走向集约,性能、成本、功耗等多方面的约束为大数据系统设计提供了新的机遇与挑战。各种异构并行处理体系结构与芯片架构不断创新并被广泛部署,在为大数据处理提供更强大的并行计算能力的同时,显著降低了系统的总体能耗。然而,这些异构并行处理硬件也给面向大数据处理的编程模型、开发调试与系统构建带来了新的挑战。本专题汇集了国内活跃在一线的系统研究者的7篇文章,从GPU的并发同步、大规模异构数据并行处理、高性能并行存储、大规模 ",DSJU202004001
GPU事务性内存技术研究,"林玉哲1,2:45141516|张为华1,2:06709078",15,GPU; 事务性内存; 并行计算;,"GPU是并行计算领域重要的体系结构之一,然而在面对高数据竞争的场景时,程序员往往需要设计复杂的并行方案。为了简化这一过程,GPU事务性内存实现了复杂的数据同步和并行,对外则仅提供简单的API。首先介绍了GPU事务性内存的研究背景。其次,讨论了近年的GPU事务性内存的设计方案与策略,分析了不同设计方案遇到的问题和解决方案,包括硬件和软件上的实现。最后对GPU事务性内存的现状和未来的发展做出了总结和展望。 ",DSJU202004002
大规模异构数据并行处理系统的设计、实现与实践,夏正勋:45658989|罗圣美:45658990|孙元浩:45658938|唐剑飞:45658991|张燕:45658992,12,并行系统; 异构数据; 统一架构;,"随着互联网和物联网应用的快速发展,数据处理模式从结构化逐渐扩展到结构化、半结构化和非结构化混合的异构数据处理模式。设计了一种大规模异构数据并行处理系统,在统一的平台功能视图基础上,采用统一的资源管理框架,实现对结构化、JSON/XML、图数据、文档数据等多种异构数据进行存储和查询,采用统一的开发语言,实现跨数据类型和数据存储引擎的并行计算,满足多业务应用开发的需要,并通过实际的商业部署,验证了系统的可行性。 ",DSJU202004003
面向大数据异构系统的神威并行存储系统,何晓斌1:44960736|蒋金虎2:41841595,10,大数据; 高性能计算; 神威·太湖之光; 异构; 并行存储;,"随着大数据应用和传统高性能计算应用的融合以及异构计算的引入,传统面向高性能计算的并行存储系统面临着异构计算I/O支持差、性能干扰和效率低等问题。通过在系统架构引入多层次存储架构、设计缓存映射机制来减轻I/O负载。在转发服务层,调整I/O转发策略,均衡I/O负载。在后端存储层,对系统高可用功能进行调整,解决大数据I/O访问模式与原有高可用措施的冲突。经过优化设计和完善后的并行存储系统更好地适应了异构众核架构,使得某些应用获得了10倍以上的I/O性能提升。 ",DSJU202004004
面向异构众核超级计算机的大规模稀疏计算性能优化研究,胡正丁:44684221|薛巍:08184092,16,大数据应用; 稀疏问题; 高性能计算; 性能优化;,"随着超级计算机技术的发展,大数据应用中大规模稀疏问题的求解成为可能,而稀疏问题的不规则计算和访存特性又给应用实现和性能优化带来了挑战。异构众核是超级计算机系统中的常见架构,其设计向应用开发者提出了高要求,如何发挥其强大的计算能力成为一个难题。分析了稀疏计算的性能优化挑战,介绍了基于典型异构众核计算机系统的3种大规模稀疏处理类应用设计和性能优化案例,以期为在新一代异构众核系统上开展大规模稀疏计算问题求解提供借鉴。 ",DSJU202004005
深度学习中的内存管理问题研究综述,"马玮良1,2:44683440|彭轩1,2:44683438|熊倩1,2:10555475|石宣化1,2:07592035|金海1,2:07599718",13,内存管理; 深度学习; 内存交换; 重计算; 内存共享; 压缩;,"近年来,深度学习已经在多个领域取得了巨大的成功。深度神经网络向着更深更广的方向发展,训练和部署深度神经网络模型都将面对巨大的内存压力。加速设备有限的内存空间已经成为限制神经网络模型快速发展的重要因素,如何在深度学习中实现高效的内存管理成为深度学习发展的关键问题。为此,介绍了深度神经网络的基本特征;分析了深度学习训练过程中的内存瓶颈;对一些代表性的研究工作进行了分类阐述,并对其优缺点进行了分析;对深度学习中内存管理技术的未来发展趋势进行了探索。 ",DSJU202004006
新一代深度学习框架研究,于璠:29635044,12,人工智能; 机器学习; 深度学习; 计算框架; MindSpore;,"从人工智能的历史出发,简述深度学习发展历程以及目前的挑战,通过介绍新一代深度学习框架的特点,分析总体框架,阐述自动并行、自动微分、自动调优等技术优势以及协同昇腾处理器的性能优势,希望可以为深度学习技术研究人员提供参考。 ",DSJU202004007
大数据场景中语言虚拟机的应用和挑战,"吴明瑜1,2:37987631|陈海波1,2:08566010|臧斌宇1,2:31515982",11,语言虚拟机; 垃圾回收; 异构内存;,"语言虚拟机为大数据应用提供了与平台无关的执行环境,简化了应用的开发和部署,因此在大数据场景中得到了较广泛的应用。主要分析了两种主流语言虚拟机——JVM和CLR在大数据场景中的应用,并阐述了使用语言虚拟机面临的4个挑战:初始化及""热身""开销、垃圾回收暂停、异构内存支持、数据格式转换。之后,分别针对4个挑战讨论了现有的解决方案,并分析了这些方案的不足之处及未来可能的优化方向。 ",DSJU202004008
适用于特殊类型自然语言分类的自适应特征谱神经网络,王一峰:43951198|孙丽茹:44957798|崔良乐:34008098|赵毅:21840205,13,自适应特征谱; 神经网络; 文本分类; 古诗词; 拉普拉斯矩阵;,"计算机算力的提升使得深度学习算法迅速发展,然而由于古诗文特殊的语序、用词、结构、句式、文法结构、表达方式,深度学习模型需要消耗更多的算力进行特征提取等工作,因此并未在这一领域取得广泛的应用。为此,提出了一种新型的神经网络结构——自适应特征谱神经网络。该算法有效减少了运算时间,可以自适应地选择对分类最有用的特征,形成最高效的特征谱,得到的分类结果具有一定的可解释性,而且由于其运行速度快、内存占用小,因此非常适用于学习辅助软件等方面。以此算法为基础,开发了相应的个性化学习平台。该算法使古诗文分类的准确率由93.84%提升到了99%。 ",DSJU202004009
区块链技术在政务数据共享中的应用,王鹏1:39687391|魏必2:44971905|王聪3:26089625,10,区块链技术; 政务服务信息化; 治理创新; 不动产登记;,"区块链技术能够化解数据共享面临的安全与效率矛盾,在政务数据共享中具有很大的应用潜力。基于当前政策环境和传统数据共享的问题,结合区块链技术的应用原理与核心优势,分析了区块链在政务信息资源共享中应用的优势与预期效果,引入并分析了不动产区块链信息共享平台建设的实际案例。案例证明,区块链技术可有效解决政务数据共享存在的问题与挑战,促使政府为社会提供更优质的公共服务。在总结了运用区块链技术的经验与启示之后,提出了未来区块链促进政务信息共享的建议与展望。 ",DSJU202004010
大数据应用技术课程教学改革与实践,"夏大文1,2:29269114|王林1,2:28006099|张乾1,2:28006098|魏嘉银1,2:44607208|冯夫健1,2:31199398|李华青3,4:28898546",10,数据科学; 大数据技术; 教学改革; 课程体系;,"大数据促进了数据科学研究的发展和数据科学学科的建设,催生了对新型数据人才的需求。分析了大数据人才培养的现实需求,指出了大数据人才培养的现存问题,然后以""大数据应用技术课程""为例,在重构教学体系、优化教学内容、改进教学方法、规范教学过程和完善教学评价等方面阐述了大数据专业教学改革的路径选择与实践,致力于创新培养兼具工程实践能力与技术创新能力的跨界复合型大数据人才。 ",DSJU202004011
美俄人工智能军事应用发展分析,缐珊珊:37389566,8,人工智能; 军事; 应用;,"随着人工智能领域技术的快速发展,其应用范围扩展到了军事领域。重点分析了美俄人工智能军事应用的途径和特点,结合大数据的特点,探索美俄人工智能军事应用的发展路径,预测性地提出了未来该领域人工智能应用的趋势,以期为我国人工智能的应用提供参考和借鉴。 ",DSJU202004012
数据资产化框架初探,"叶雅珍1,2,3:39026333|刘国华1:06590370|朱扬勇2,3:06710346",10,数据资产; 数据质量; 数字经济; 大数据;,"随着数字经济的发展,将作为数字经济关键要素的数据看作一类新型资产已经获得共识。但是,并不是所有数据都可以作为资产。因此,哪些数据可以作为数据资产、作为数据资产的数据应该具备什么条件、如何将一个数据集转化为数据资产是当前数据产业、数字经济亟须解决的问题。研究了数据资产的特点和需具备的条件,提出了一个数据资产化基本框架,包括数据资源确权、数据价值确认与质量管控、数据装盒入库、货币计价与评估、数据资产折旧和增值的管理5个步骤,为数据资源的资产化提供了一条可行的路径。 ",DSJU202003001
基于利润最大化的数据资产价值评估模型,董祥千1:36354638|郭兵1:08745872|沈艳2:39111080|段旭良1:36354636|申云成1:36354637|张洪1:11628789,8,数据资产; 数据市场; 交易模型;,"""数据是有价值的,并将成为一种经济商品""的理念已成为共识,然而数据的非竞争性使数据价值有别于有形资产的价值。正确理解数据资产价值是实现数据共享与交换、发展数字经济的前提与保障。首先分析数据价值评价方法及数据资产的商品属性,然后讨论数据资产交易的市场模型,最后在综合数据资产属性及市场模型的基础上提出参与者利润建模方法。提出模型化数据市场参与者利润的相关特性,为参与者进入市场提供理论参考依据。 ",DSJU202003002
基于区块链的数据市场,汪靖伟:44003653|郑臻哲:31427515|吴帆:27650262|陈贵海:24787528,15,数据资产; 数据市场; 区块链; 隐私保护;,"在互联网时代,每天都产生着不可估量的数据,在数据共享过程中,涌现出了数据隐私性和所有权归属等复杂问题。区块链是一种去中心化的分布式数据存储技术,引入区块链能消除集中式数据市场的弊端,但同时分布式数据市场又产生了安全与隐私问题。综述了国内外大数据交易市场的产业现状和研究进展,提炼了基于区块链的大数据共享流通平台应满足的性质。根据这些性质提出了一个基于区块链的数据市场框架,分析和讨论了这个框架中的安全性和隐私性问题及对应的解决方案。基于这个框架,实现了一个数据市场测试系统,并证实了该框架的可行性和安全性。 ",DSJU202003003
数据资产标准研究进展与建议,戴炳荣:28511889|闭珊珊:25222434|杨琳:27176718|纪婷婷:32964380|陈美:38581475,9,数据资产; 数据资产管理; 数据资产评估;,"数据被认为是各类组织的宝贵资产,数据资产的标准化研究受到各个国家、行业和组织的重视。从标准视角介绍了国内外相关组织的数据资产方向的理论研究、实践以及与数据资产相关的标准化研究进展,并提出了数据资产的标准化思路以及数据资产管理的通用过程框架,为数据资产的管理和应用提供参考。 ",DSJU202003004
面向价值实现的数据资产管理体系构建, ,12,数据资产; 数据资产管理; 数据价值; 数据运营;,"在数字经济时代,数据正日益成为企业重要的战略性资产,但数据资产管理能力的不足正在日益成为制约企业实现数据增值的关键问题。通过梳理数据资产管理的演进历史,明确数据资产管理的相关概念,分析当前数据资产管理的行业现状,阐述面向价值实现的数据资产管理体系的设计思路和主要内容,展示了完整的数据资产管理体系,强调了数据运营的重要作用,并构建了数据资产管理体系的实践路径,总结了数据资产管理的发展趋势。 ",DSJU202003005
导读,,1, ,"<正>数据流(data flow)是麻省理工学院(MIT)的Jack B. Dennis教授在20世纪70年代提出的一种计算机体系架构,这在当时是很大胆的想法。此前,冯·诺依曼在1946年提出的以存储程序和顺序执行为主要特征的体系结构是人们唯一的选择。相对于数据流,传统的体系结构被归为控制流(control flow)一类。与控制流相比,数据流计算有天然的并行性,这使得它在早期超级计算机的发展历史上产生了重要的影响。虽然数据流计算机至今没有成为主流,但是在大数据时代,计算机有史以来的""以 ",DSJU202003006
面向大数据处理的数据流编程模型和工具综述,邹骁锋:43804994|阳王东:28725781|容学成:42795322|李肯立:07417443|李克勤:32297221,14,数据流; 编程模型; 大数据处理; 编程工具;,"利用大数据计算平台对大量的静态数据进行数据挖掘和智能分析助推了大数据和人工智能应用的落地。在面临互联网、物联网产生的日益庞大的实时动态数据的处理需求时,数据流计算被逐步引入目前的一些大数据处理平台中。针对数据流的编程模型,比较了传统软件工程的面向数据流的分析和设计方法与目前针对大数据处理平台的数据流编程模型提供的结构定义和模型参考,分析了两者的差异和不足,总结了数据流编程模型的主要特征和关键要素。分析了目前数据流编程的主要方式以及与主流编程工具的结合,针对大数据处理的数据流计算业务需求,给出了可视化数据流编程工具的基本框架和编程模式。 ",DSJU202003007
数据流计算模型及其在大数据处理中的应用,毕倪飞:43805202|丁光耀:43805203|陈启航:43805204|徐辰:27695633|周傲英:21917016,14,数据流计算模型; 大数据处理; 执行引擎; 统一编程;,"如今无界、乱序的大规模数据集越来越普遍,并且消费者对这些数据集的处理需求日益复杂,如时间语义、窗口以及处理时延等。针对在无界、乱序的大规模数据集上演进的数据处理需求,探讨了大数据处理中的数据流计算模型。一方面,从执行引擎层面分析了大数据处理中的数据流计算模型所体现的数据流图;另一方面,从统一编程层面分析了大数据处理中的数据流计算模型所体现的数据流编程模型。在此基础上,进一步结合Spark批处理引擎和Flink流计算引擎等多个执行引擎,对比分析了数据流图和数据流编程模型在2类执行引擎中的具体实现。 ",DSJU202003008
数据流计算环境下的集群资源管理技术,汤小春:10204100|符莹:43805298|丁朝:43805299|毛安琪:43805300|李战怀:10203077,14,数据流模型; 集群资源; 调度框架; 大数据;,"以集群为基础的高性能计算的发展经历了3个阶段的演化,即计算子系统与存储子系统的分离、计算子系统与存储子系统的融合以及以数据并行为基础的dataflow编程模型。随着Spark、Flink等数据流编程模型在大数据计算领域的广泛使用,计算作业类型千变万化,如何保证各种数据流计算作业对集群资源的共享使用是集群资源管理的核心,也是降低基础设施成本的主要手段。分析集群资源管理的历史变化,从数据流编程模型的角度出发,对HoD、集中式、双层调度、分布式以及混合式管理展开了深入的探索,介绍了其各自的优缺点以及应用现状,为数据流计算环境下的集群资源管理和调度的使用或者研发提供一定的参考和借鉴。 ",DSJU202003009
分布式数据流计算系统的数据缓存技术综述,袁旭初:43865916|付国:43865917|毕继泽:43865918|张岩峰:11334212|聂铁铮:06578287|谷峪:10808557|鲍玉斌:06577381|于戈:05968072,16,数据流; 缓存; 分布式系统; 消息队列;,"数据流编程模型以其高度并行计算、支持流水线处理、支持函数式编程等优点被许多主流的计算系统采用。在分布式数据流系统和异构数据流系统中,算子之间数据生产和数据消化的速度不一致可能会导致数据堆积或者算子闲置等问题。为支持高效的数据流系统,需要设计缓存系统,以保证数据流的高效缓存和移动。选取了几个典型的分布式数据流系统与分布式消息队列系统进行系统分析,并总结了目前消息队列系统对数据流缓存系统的支持程度。最后对数据缓存技术进行了阐述,并分析了未来的数据流缓存系统的需求和研究方向。 ",DSJU202003010
数据流技术在GPU和大数据处理中的应用,苏华友:21003097|梅松竹:23496111|李荣春:24927583|窦勇:20514904,12,数据流; GPU; 大数据处理;,"数据流模型是一种高效的计算模型,由于其在并行性方面具有天然的优势,数据流技术在软硬件领域得到了广泛的应用。在硬件体系结构方面,数据流模型引领计算机体系结构在传统冯·诺伊曼架构下向支持更高并发的方向发展。基于超长向量处理单元的流处理和SIMT的现代GPU就广泛使用了数据流技术的思想。在编程模型方面,数据流思想在大数据编程模型领域得到了广泛应用,例如MapReduce和Spark等。从数据流模型的角度多层次分析了英伟达GPU的体系结构以及CUDA编程模型,阐述了数据流模型在GPU软硬件系统中的应用。分析了数据流思想和GPU大规模并行处理体系结构在大数据处理中的应用和发展趋势。 ",DSJU202003011
导读,,1, ,"<正>十九届四中全会明确指出要推进国家治理体系和治理能力现代化。利用大数据手段提升政府治理能力是一条重要的途径,正在全国范围内开展的""最多跑一次""行政服务改革实践就需要大数据的支撑。本专题围绕新时代政府治理的目标,就如何构建大数据赋能的新型政府治理体系,如何构建政府大数据基础设施,如何采集、整理、共享、交换、应用政府大数据,如何保障政府数据安全和数据隐私,如何解决政府治理大数据在实践中面临的挑战和亟待解决的关键技术问题等展开讨论。我们特邀国家自然科学基金委员会-广东省人民 ",DSJU202002001
政府大数据治理:政府管理的新形态,"杨孟辉1,2:23772782|杜小勇2,3:09746797",16,政府治理; 数据治理; 大数据治理; 政府大数据治理;,"政府大数据治理成为政府关心的一个重要议题。采用文献调研等方法,对当前主要的国家政府大数据实践进行了分析,认为政府大数据应用仍处于早期阶段。对政府大数据治理的概念进行了溯源,认为政府大数据治理一方面继承了公共和行政管理领域的治理理论和行政管理手段,另一方面也借鉴了公司治理中IT治理、数据治理和大数据治理的框架和方法。对政府大数据治理的概念、特征进行了阐释,提出了政府大数据治理的新挑战、新目标和新机制,最后指出大数据治理是政府管理的新形态。 ",DSJU202002002
大数据治理的全景式框架,"印鉴1,2:10482618|朱怀杰1,2:43865259|余建兴1,2:43865260|邱爽1,2:42959327",8,大数据; 治理; 框架;,"大数据治理是个复杂的工程,涉及技术和管理2个层面的内容。从系统的角度出发,从大数据和治理2个维度刻画大数据治理的过程,提出了一个全景式系统框架,阐述了该二维框架中每个单元的内容及彼此之间的关联关系。针对大数据维度的一个具体方面,介绍了在理论、方法与技术上的一些研究实践。 ",DSJU202002003
政府治理大数据的共享、集成与融合,金澈清1:21917017|陈晋川2:29751037|刘威3:10001033|张召1:07548607,14,政府治理; 数据共享; 数据融合; 数据集成;,"为支持政府治理方法科学化、过程智能化、结果精细化,政府治理大数据共享、集成与融合不能局限于提供数据访问接口,而是要从语义层面发现实体、找出关联关系以及演化过程。然而,政府治理大数据的多源、异构、动态、海量、孤岛化特性却使之面临严峻挑战。系统性回顾了大规模分布式异构数据共享、集成、融合的基础理论和方法,并指出了构建面向政府治理大数据的高可信共享、高精准集成、高效率融合技术的迫切性。 ",DSJU202002004
面向政府治理大数据的高性能计算系统,吴维刚1:31572550|常亮2:15187630|任江涛1:10172027|古天龙2:10611130,16,大数据处理; 政府治理; 分布式计算; 计算框架; 资源管理;,"大数据处理系统是未来社会的基础设施之一。政府治理场景下的大数据处理任务具有多域异构、多主体等特点,因此需要针对性地进行研究设计。从应用需求出发,分析各类政府治理场景对大数据处理技术提出的挑战,梳理大数据分布并行处理的关键技术,包括数据存储管理、计算平台、关键算法等,调研总结相关技术的研究现状,并提出面向政府治理大数据的高性能计算系统的技术框架,分析讨论不同技术路线的优劣。最后展望相关技术的未来发展趋势。 ",DSJU202002005
意图知识图谱的构建与应用,"陈成1,2:44065663|陈跃国1:24543793|刘宸3:44065664|吕晓彤1,2:44065665|杜小勇1,2:09746797",12,意图理解; 知识图谱; 自然语言问答; 实体识别;,"政府治理的效果评估是一个难题。没有很好的评估方法和评估体系,政府治理的效果就不能得到很好的保障。提出从自然语言问答的角度理解网民在政府治理话题中的意图,并通过构建意图知识图谱,关联语义等价的问题和意图。不同意图又通过实体的相互关联,支持意图的关联和对比。给出了意图知识图谱的定义、构建框架和政府治理场景的使用范例,展示了意图知识图谱是解决政府治理的效果评估问题的一种有效方法。在政府治理的场景中,利用意图知识图谱可以分析对比同一治理话题下不同治理主体之间的意图场,从而深入剖析特定治理主体在特定治理话题下的效果,并发现治理中存在的问题。 ",DSJU202002006
基于隐私保护的政府大数据治理研究, ,14,隐私; 大数据; 政府治理; 5G; 个人信息;,"5G时代数据的基础性战略资源属性进一步突显,数据是政府推进国家治理体系和治理能力现代化的有力支撑资源和工具。与此同时,个人隐私也逐渐受到关注,成为进一步运用政府大数据需要解决的核心问题之一。在分析5G时代政府大数据隐私新特征、现有数据法律对政府大数据隐私保护的影响的基础上,提出一个基于隐私保护的政府大数据治理模型,探讨5G时代背景下政府如何在利用好自身大数据资源改善服务质量和效率的同时保护公众隐私,以期对新时代政府治理能力提升有所助益。 ",DSJU202002007
大数据驱动乡村振兴共享共治机制研究,戴旭宏1:28210713|倪玖斌2:44089870,13,大数据; 乡村振兴; 共享; 共治;,"大数据技术为促进数字经济与乡村振兴融合提供了有效途径,当前互联网、大数据等信息技术手段发展势头迅猛,已深入经济社会发展的各个领域。然而,数据的共享和驱动仍是当前我国数字乡村建设的薄弱环节。在提升乡村治理体系和能力现代化的背景下,针对行政部门长期存在的""信息孤岛""问题,提出以大数据驱动构建乡村振兴治理、共享和监测平台,推动重塑乡村治理格局,为实施乡村振兴战略提供系统性支撑。 ",DSJU202002008
智慧城市知识图谱模型与本体构建方法, ,11,智慧城市; 知识图谱; 多领域; 本体构建;,"针对目前智慧城市建设过程中,数据资源共享不足、人工智能应用落地困难等问题,基于知识图谱的资源描述框架、本体知识体系载体、数字孪生的思路,提出一种以自然人的数据为核心的智慧城市知识图谱模型,并提出了支撑该模型的多领域知识图谱本体和子本体的构建思路。创新性地提出了""天地人""的模型思路,为智慧城市的数据如何服务城市居民生活、如何让更多人工智能算法模型在智慧城市应用中落地提供一定的参考。 ",DSJU202002009
安徽省智慧政务新模式及典型应用,,6, ,"<正>1 引言党的十九届四中全会提出,创新行政管理和服务方式,加快推进全国一体化政务服务平台建设。安徽省围绕当前政务服务改革进程中普遍遇到的""服务搜不到、搜不全,事项办不快、办不成,政府集成式、套餐式服务能力弱""等难点,提出""慧办事、慧审批、慧监管""的智慧政务新模式,通过业务精细梳理、数据高度共享,电子证照、电子签名、电子印章等新技术在政务服务领域的充分应用,提升政务服务规范化、便利化水平,助力政府治理现代化。 ",DSJU202002010
一种基于随机投影的本地差分隐私高维数值型数据收集算法,孙慧中:43432643|杨健宇:35773552|程祥:26585269|苏森:05973560,9,高维数值型数据; 隐私保护; 本地差分隐私; 随机投影;,"对满足本地差分隐私的高维数值型数据收集问题进行了研究。设计了一种基于随机投影技术的满足本地差分隐私的高维数值型数据收集算法Multi-RPHM,在满足本地差分隐私的条件下,该算法处理维度较高的数据时能够保证所收集的数据的高效用。从理论上证明了该算法满足ε-本地差分隐私的要求。在合成数据集上进行的实验结果验证了该算法的有效性。 ",DSJU202001001
基于安全压缩感知的大数据隐私保护,王平1:10774140|张玉书2:43725068|何兴1:33409705|仲盛3:08039490,11,安全压缩感知; 大数据; 物联网; 隐私保护;,"当前的数据""大爆炸""主要受万物互联的驱动,服务于人类衣食住行的各类物联网感知设备时刻在捕获个人隐私数据,然而,这些隐私数据已成为网络攻击的重点目标。分析了资源受限的物联网应用中的数据安全问题,介绍了基于压缩感知理论的隐私保护技术——安全压缩感知,提出了相应的大数据采集方案,并且通过安全性理论和实验分析给出了结论性的呼吁:将安全压缩感知作为一种感知层内置的轻量级加密机制,以近乎零的成本为数据提供第一层安全防护。 ",DSJU202001002
基于同源策略的移动应用细粒度隐私保护技术,卢文雄:43725069|王浩宇:30933537,12,隐私保护; 第三方库; 访问控制; 移动应用;,"Android等移动平台基于权限的访问控制机制是作用在应用粒度上的。应用中除了包含应用开发者本身的代码以外,还包含第三方库代码,导致应用权限滥用情况严重。引入类似浏览器同源策略的细粒度控制机制,打破了应用之间的界限,将粒度细化到代码来源。将控制机制实现到Android系统层,并提供了一套插桩工具对应用进行修改。实验结果表明,系统能够起到允许或禁止特定开发者执行特定敏感行为的作用。 ",DSJU202001003
人工智能时代的数据隐私、垄断与公平,孟小峰:00096403|王雷霞:43725070|刘俊旭:42771676,12,大数据; 数据伦理; 人工智能; 数据隐私; 数据垄断; 决策公平; 数据透明;,"随着人工智能时代的到来,大数据中蕴含的价值被不断开发,但与此同时,用户的隐私泄露问题、数据垄断问题以及算法决策中的公平问题愈发凸显。为详细探究此类伦理问题,首先从数据发展的角度出发,探讨人工智能时代隐私、垄断与公平问题的产生环境及其独特性。而后,对这3个伦理问题逐一分析其现状及挑战,得出当前伦理问题产生的本质是数据获取、使用以及决策的不透明性,提出建立数据透明机制是解决这些问题的重要举措。 ",DSJU202001004
人工智能风险分析技术研究进展,"陈群1,2:09120666|陈肇强1,2:33634891|侯博议1,2:36575261|王丽娟1,2:43317989|罗雨晨1,2:43317990|李战怀1,2:10203077",13,人工智能; 风险分析; 不确定性; 可解释性;,"目前基于深度学习模型的预测在真实场景中具有不确定性和不可解释性,给人工智能应用的落地带来了不可避免的风险。首先阐述了风险分析的必要性以及其需要具备的3个基本特征:可量化、可解释、可学习。接着,分析了风险分析的研究现状,并重点介绍了笔者最近提出的一个可量化、可解释和可学习的风险分析技术框架。最后,讨论风险分析的现有以及潜在的应用,并展望其未来的研究方向。 ",DSJU202001005
监督学习中的损失函数及应用研究,邓建国:43725071|张素兰:08863416|张继福:08863415|荀亚玲:11607428|刘爱琴:08869803,21,监督学习; 损失函数; 相似度度量;,"监督学习中的损失函数常用来评估样本的真实值和模型预测值之间的不一致程度,一般用于模型的参数估计。受应用场景、数据集和待求解问题等因素的制约,现有监督学习算法使用的损失函数的种类和数量较多,而且每个损失函数都有各自的特征,因此从众多损失函数中选择适合求解问题最优模型的损失函数是相当困难的。研究了监督学习算法中常用损失函数的标准形式、基本思想、优缺点、主要应用以及对应的演化形式,探索了它们适用的应用场景和可能的优化策略。本研究不仅有助于提升模型预测的精确度,而且也为构建新的损失函数或改进现有损失函数的应用研究提供了一个新的思路。 ",DSJU202001006
云环境下大规模分布式计算数据感知的调度系统,刘汪根1:45658978|郑淮城1:45658979|荣国平2:08716396,18,云计算; 调度系统; 大数据; AI平台; 数据局部性; 分布式计算; 抢占;,"介绍了新的调度系统,包括资源调度、应用编排、配置标签中心、云网络和云存储服务等子系统。系统通过数据拓扑感知能力保证了计算和数据的局部性,节约网络I/O开销;通过优化点对点大数据量读取的资源调度,解决网络风暴造成的影响;通过网络和磁盘隔离技术以及可抢占的方式来保证服务等级协议。 ",DSJU202001007
大数据技术在乡村画像中的应用研究,"李望月1,2:43725072|刘瑾1,2:43725074|陈娜1,2:43725075",20,乡村画像; 大数据技术; 概念模型; 标签体系; 乡村振兴; 知识图谱;,"在国家大数据战略和乡村振兴战略的大背景下,创新性地将大数据技术引入乡村画像中。在系统研究乡村大数据源、大数据画像技术水平和乡村振兴研究的热点、重点和难点问题的基础上,从乡村发展基础、乡村发展状态和乡村发展行为3个方面构建了大数据乡村画像的概念模型。借助原始指标、知识图谱、政策文本3类标签化方法,将概念模型具体化为可进行实际操作的3套标签体系,在此基础上,对3套标签体系的大数据计算方法、可视化方法进行阐述,并进行画像举例。最后探索了大数据乡村画像未来的研究方向。 ",DSJU202001008
CCF大专委2020年大数据发展趋势预测,"周涛1:41075224|程学旗2,3,4:09559496|陈宝权5,6:43726938",5, ,"<正>1引言自2012年起,中国计算机学会(CCF)大数据专家委员会(以下简称大专委)面向全体委员,发起了一年一度的大数据趋势预测活动。站在年底展望来年大数据领域的发展趋势,已经成为大专委的一项品牌活动。2019年12月5日,在中国大数据技术大会(BDTC)开幕式上,CCF大专委正式发布了2020年大数据十大发展趋势预测。本次预测汇集了160余名大专委委员的投票结果,参与投票的委员来自高校、科研院所、相关部委、大型央企、民营企业等不同团体,具有广泛的代表性。 ",DSJU202001009
2018年《大数据》高被引论文Top10,,1, , ,DSJU202001010
面向大数据的索引结构研究进展,严赵峰:42357606|张为华:05399522,13,大数据; 并发索引结构; 新型硬件;,"为了保证各类大数据系统的性能,以并发索引结构为核心的高效检索技术变得越来越重要。然而,数据存储体量的增加和用户对性能要求的提高使得并发索引结构面临诸多挑战,设计高效且易用的并发控制策略和提升索引结构操作性能成为系统领域关心的重要问题。结合现有的研究成果,综合分析了大数据时代并发索引结构的研究进展。首先讨论了关于设计更优化且易用的并发控制策略的研究现状,接着针对各类新型高性能硬件,探讨了基于新硬件结构特点的优化加速研究成果,并对可能的发展方向进行了展望。 ",DSJU201904001
基于图查询系统的图计算引擎,柯学翰:42357607|陈榕:08514221,11,分布式系统; 图计算; 图查询; 键值对存储;,"在目前的研究中,图查询和图计算系统是相互独立的,但在实际应用中两者通常是同时存在的。为解决相互独立的系统带来的存储空间浪费、数据一致性维护等问题,基于图查询系统设计了一种图计算引擎,使得在单一系统中支持查询和计算操作。通过为键值对存储增加图计算索引、基于拉取模式的数据更新等方式,有效地提高系统中数据遍历的性能和减少数据传输的成本,同时针对数据更新和负载均衡等方面提出了相关优化。实验表明,该图计算引擎能够达到与传统图计算系统PowerLyra和Gemini相近或比其更优的性能,且具有较好的可扩展性。 ",DSJU201904002
大数据环境下的存储系统构建:挑战、方法和趋势,陈游旻:37353586|李飞:08169774|舒继武:08179569,14,存储系统; 闪存; 非易失内存;,"互联网规模的迅速扩展促使全球数据总量呈现爆炸式的增长。物联网、电子商务等新的应用对数据存储及处理的实时性提出了更高的要求,迫切需要结合新型存储介质,以构建大规模、高性能存储系统。分别从闪存存储、持久性内存存储两种存储系统构建方案出发,详细阐述了其各自面临的挑战,并总结了现有的解决方案。最后,展望了未来数据中心及存储系统构建的若干发展趋势。 ",DSJU201904003
一种软硬件结合的大数据访存踪迹收集分析工具集,李作骏:36385165|潘海洋:42060126|陈明宇:33246355|包云岗:41115033,9,访存踪迹; 访存行为; 大数据;,"以Spark为代表的内存计算框架的兴起、新型非易失性内存研究的逐步深入以及数据安全形势的日益严峻,使得现有的访存行为分析工具无法满足对大数据应用访存行为进行分析的需求。提出了一种软硬件结合的大数据访存踪迹收集分析工具集,在由硬件收集的基本访存踪迹的基础上,结合软件信息同步及离线标注的方式,可以高速、准确、无失真地获取具备丰富语义信息的访存行为信息,且为大数据访存的实时安全监控提供了一种实现方式。最后,通过实验对一组真实的大数据应用进行了访存踪迹采集和分析。 ",DSJU201904004
开源芯片、RISC-V与敏捷开发,王诲喆:42357608|唐丹:24247730|余子濠:36396771|刘志刚:41115027|解壁伟:33685213|包云岗:23576764,17,开源芯片; 敏捷开发; 计算机架构; 指令集架构;,"随着摩尔定理的几近失效,传统的追求通用性能的芯片开发策略将难以持续,但芯片领域过高的门槛和商业限制阻碍了进一步的创新和对市场的响应速度。因此需要通过开源芯片、统一的生态平台和现代化的设计方法激发芯片领域的创造力和生产效率。介绍了开源芯片的作用和发展历史,讨论了有望成为下一代芯片开发根基的RISC-V指令集架构的特点和影响以及前端设计中的敏捷开发实践,并对芯片开发的新发展与不足做出了总结。 ",DSJU201904005
基因大数据的集成分析, ,22,GWAS; 集成分析; 多基因效应; 基因多效性; 孟德尔随机化;,"随着生物科技(如基因芯片和测序技术)的飞速发展,全世界已经积累了海量的数据。有效地整合和集成多层面和多维度的基因大数据,对于全方位解析从遗传变异到疾病发生的整个因果链条具有关键作用,可为个性化、精准医疗服务奠定科学的基础。从3个方面对基因大数据的集成分析进行综述:检测风险位点及其功能分析、基因多效性的分析、基于孟德尔随机化的因果推断。进一步结合具体的应用案例进行了阐述,最后对基因大数据的集成分析研究进行了总结以及展望。 ",DSJU201904006
基于RDMA和NVM的大数据系统一致性协议研究,吴昊:08833414|陈康:08225235|武永卫:08183224|郑纬民:05965723,11,大数据; 分布式系统; 一致性协议; 远程内存直接访问; 非易失存储器;,"分布式的存储系统以及计算系统是构造大数据处理系统的基础。系统的高可用性是任何一个分布式系统的基石,高可用技术一般依赖于一致性协议。讨论了经典的非拜占庭的分布式一致性协议以及新技术发展下的RDMA通信协议与NVM存储介质,通过RDMA和NVM的结合获得了更高性能的高可用系统。改进了一致性协议,使其能够更好地利用RDMA与NVM的特性。实现的系统在保证系统数据一致和可用的同时,有效地提高了协议实现的性能。实验表明,相比于现有的系统,实现的系统能够得到40%的性能提高。 ",DSJU201904007
基于知识图谱的小微企业贷款申请反欺诈方案,金磐石:13600377|万光明:38494519|沈丽忠:44613802,13,反欺诈; 企业画像; 关联图谱;,"近年来,在各大商业银行竞相开展小微企业信贷业务的同时,贷款欺诈风险也随之产生。针对小微企业信贷业务的特点,提出了一种基于全方位企业画像与企业关联图谱的贷前反欺诈模型。通过整合多源信息,形成完整的企业属性特征,并结合从图谱中提取的关系网络结构特征,把特征共同输入模型,以定量评估小微企业客户的欺诈风险。实验表明,使用隐含在关系图谱中的信息比单纯使用企业自身特征建模在测试集上的AUC提高了5%,有助于银行机构准确地对企业申贷欺诈行为进行评估。 ",DSJU201904008
广州市城市智能交通大数据体系研究与实践,张孜:42015553|黄钦炎:37483484|冯川:33223506,8,智能交通; 交通大数据体系; 体系框架; 大数据应用;,"为了构建现代化交通治理体系,提升品质交通服务能力,亟须构建强驱动与可持续的城市智能交通大数据体系。首先回顾了城市交通大数据研究的应用现状,然后分析了城市交通大数据的发展需求与目标,最后以广州市城市交通大数据应用为例,阐述了广州市""一个中心、三大平台""的城市智能交通大数据体系,为交通大数据的深入研究和应用提供借鉴,推动交通大数据的创新发展。 ",DSJU201904009
政府大数据治理体系的框架及其实现的有效路径,"安小米1,2:09745655|郭明军1:38470034|洪学海3:11039177|魏玮1:11394408",10,政府大数据; 大数据治理体系; 治理体系框架; 实现路径;,"针对目前大数据治理研究仍局限于从单一学科视角和单一层面进行讨论,缺少对大数据治理体系构建的体系化研究的现状,采用多学科综合集成方法,通过系统文献调研及案例研究的方法,将宏观、中观与微观3个层次的体系构成要素进行了有机融合,提出了宏观层面的多元主体合作联盟共治、中观层面的多层次活动流程联通共生、微观层面的多维度要素联结共赢的大数据治理体系框架及其实现的有效路径,对促进大数据治理体系构成要素的互联、互通、互动,产生整体性、成套性和针对性效用,具有理论意义和实践价值。 ",DSJU201903001
数据整理——大数据治理的关键技术,"杜小勇1,2:09746797|陈跃国1,2:24543793|范举1,2:41735090|卢卫1,2:38103364",10,数据整理; 数据准备; 数据治理; 数据管理;,"数据是政府、企业和机构的重要资源。数据治理关注数据资源有效利用的众多方面,如数据资产确权、数据管理、数据开放共享、数据隐私保护等。从数据管理的角度,探讨了数据治理中的一项关键技术:数据整理。介绍了以数据拥有者和直接使用者(行业用户)为核心的数据整理的关键技术,包括数据结构化处理、数据质量评估及数据清洗、数据规范化、数据融合与摘取、数据整理的发布共享等。最后,针对加强数据整理方面的研究提出了一些思考。 ",DSJU201903002
证券期货行业监管大数据治理方案研究,蒋东兴1:41693687,12,证券期货行业; 大数据治理; 科技监管;,"为充分发挥数据的资产价值,监管部门高度重视大数据治理工作。通过梳理证券期货行业监管大数据治理的需求与特殊性,对证券期货行业的大数据治理体系进行了深入研究,包括构建证券期货行业数据模型、搭建公共数据平台、建设数据服务体系以及构建组织保障体系4个方面。通过大数据工程建设的实施,进一步发现了证券期货行业大数据治理在工程共建共享、数据多源校核方面存在的深层次技术问题,提出了建设超级大数据管理平台、全面保障大数据工程效果的研究思路,为监管决策提供了更为全面、科学、客观的支持。 ",DSJU201903003
“智慧法院”数据融合分析与集成应用,秦永彬1:14022636|冯丽1:06939883|陈艳平1:39335717|黄瑞章1:31170296|刘于雷2:45304767|丁红发1:45689526,12,智慧法院; 知识图谱; 数据融合; 融合分析应用;,"针对""智慧法院""建设中存在的共性问题和实际需求,介绍了""智慧法院""数据融合分析及集成应用示范平台的架构。从司法大数据深度语义学习、基于知识图谱的司法数据融合、司法数据安全防护与隐私保护以及司法数据融合分析的可视化4个方面,探讨了""智慧法院""建设中共性关键技术的研究思路和实现路径。最后,以证据抽取、犯罪行为链构建和法律条文推荐为例,展现了数据融合分析及集成应用示范平台的应用效果。研究成果对实现以法院司法数据为核心的新一代""智慧法院""建设目标具有一定的参考价值。 ",DSJU201903004
大数据治理标准体系研究,代红:33019120|张群:33020795|尹卓:41268386,8,大数据治理; 数据管理; 数据治理; 标准;,"大数据逐步从概念导入期转入深化务实应用的新阶段,大数据治理成为大数据产业生态系统的新热点,其发展亟需标准体系建设基础以及标准化的支撑。梳理了当前我国大数据治理标准化面临的问题,明确了与大数据治理相关的概念和定义,提出了大数据治理标准体系框架,并给出了下一步标准化工作建议,从而帮助业界构建涵盖大数据治理的新大数据标准体系,为我国新一阶段的大数据技术、产业发展提供标准化支撑。 ",DSJU201903005
综合交通大数据应用技术的发展展望,"刘晓波1,2:11064358|蒋阳升1,2:09178687|唐优华1,2:09161676|张仪彬1,2:27171646|王子兰1,2:27201066|罗洁1,2:09179815",14,大数据; 综合交通; 基础技术; 应用技术;,"在移动互联的大数据时代,大数据、人工智能、云计算、物联网、智能终端等先进技术的不断发展,为综合交通的一体化、智能化、智慧化发展提供了坚实的资源和技术支撑。针对现阶段综合交通规划设计、运营管控、安全环保维护、物流服务过程中出现的数据异构质量差、""信息孤岛""、挖掘程度低等症结,对综合交通大数据基础技术与应用技术发展过程中需突破的关键技术点进行分析与展望,为大数据在综合交通中全面、有效、系统地应用提供一定的借鉴与参考。 ",DSJU201903006
边缘智能:现状和展望,"李肯立1,2:07417443|刘楚波1:29939726",7,边缘计算; 人工智能; 边缘智能;,"边缘智能(即将人工智能融入边缘计算,部署在边缘设备)作为更快更好地提供智能服务的一种服务模式,已逐渐渗入各行各业。然而,当前边缘智能面临着巨大挑战。首先简要介绍了边缘智能的起源与概念;然后总结了边缘智能面临的三大挑战;最后,概括了当前针对边缘智能挑战的5个研究方向。为相关读者了解边缘智能和相关人员研究边缘智能提供一定的参考。 ",DSJU201903007
我国地方大数据政策的扩散模式与转移特征研究,丁文姚:40823251|张自力:11640452|余国先:34805572|韩毅:10564763,20,地方政策; 大数据政策; 政策参照; 政策扩散; 政策转移;,"为揭示我国地方大数据政策的发展趋势与内容关联性,基于政策扩散与政策转移理论,采用内容分析法、社会网络分析方法,探索我国各省市68条地方大数据政策的时空扩散模式与内容转移特征。研究发现:我国地方大数据政策发布与参照的时间扩散模式均符合政策扩散一般规律,时间扩散曲线呈S型;政策参照扩散模式为目前中国常见的""中央—地方扩散""与自上而下层级参照扩散模式;此外,地方大数据政策对重要国家政策内容的继承性较高,不同区域政策内容的创新各具特色。 ",DSJU201903008
知识图谱中的关系方向与强度研究, ,8,知识图谱; 关系方向; 关系强度; 负关系; 时态关系;,"目前普遍的知识图谱构建思路是图谱中的关系标签采用文字描述,这样很难对图谱中的关系进行计算。针对这个问题,提出了关系方向、强度因子和时态因子的概念,关系的正负、强度和时态可以通过有监督机器学习的方法形成自动模型,从而在领域知识图谱中实现关系的量化计算。这种知识图谱构建方法在计算事件舆情走向、计算企业合作与竞争情况变化、分析销售人员市场拓展情况等领域,形成了一种新的数据分析模式,对人工智能在具体行业的落地应用很有意义。 ",DSJU201903009
边缘计算的架构、挑战与应用,"李林哲1,2:41165596|周佩雷3:41165597|程鹏1:09325520|史治国1,2:09382900",14,边缘计算; 云计算; 框架;,"边缘计算是一种在网络边缘执行计算任务的新型计算模型,相比于云计算模型,能够更加迅速、可靠和节能地响应用户需求。从云计算模型的不足出发,首先介绍了边缘计算的概念和通用构架,随后详细阐述了两个边缘计算参考构架,总结了边缘计算面临的挑战,并介绍了针对这些挑战的研究进展。随着边缘计算相关理论和技术的发展,边缘计算将成为推动物联网服务升级的关键技术,以预测性维护和安防监控为例,对边缘计算的应用进行了介绍。 ",DSJU201902001
面向边缘计算的资源优化技术研究进展,屈志昊1:41130205|叶保留2:08045076|陈贵海2:08709298|唐斌2:30771260|郭成昊3:33311816,17,边缘计算; 计算卸载; 分布式缓存; 高性能传输;,"以云计算模型为代表的集中式数据处理关键技术已不能高效、及时地处理边缘设备产生的数据。针对这一问题,以""数据处理应更靠近数据源头""为核心理念的边缘计算模型应运而生。首先介绍了微数据中心、微云、雾计算、移动边缘计算等计算范型,并讨论了边缘资源整合的优势。然后,回顾了近年来边缘计算中与资源优化领域相关的工作,以计算、存储和通信3种资源为切入点,分别从计算卸载、分布式缓存和高性能传输这3个研究热点,对国内外的研究进展进行总结和讨论。最后,展望了该领域未来的发展趋势和主要的研究方向。 ",DSJU201902002
边缘计算安全技术综述,凌捷:06748964|陈家辉:39447246|罗玉:37754834|张思亮:06750116,19,边缘计算; 物联网; 边缘设备; 云计算; 密码技术;,"随着物联网应用的不断展开,大量移动终端设备参与服务计算,传统的云计算模型已经不能满足网络边缘设备产生数据的速度,边缘计算模型应运而生,并成为近几年的研究热点。介绍了边缘计算的概念和物联网的边缘计算参考模型,分析总结了边缘设备容易遭受的攻击,综述了边缘计算中密码安全技术的主要研究成果,并指出:对称密码技术不适用于边缘设备之间的通信,基于身份标识的密码技术较适用于边缘设备到边缘设备的通信,基于配对的密码技术较适用于边缘设备到基站的通信。讨论了两种后量子密码技术在边缘设备中的应用,提出了边缘计算安全技术研究的几个建议。 ",DSJU201902003
边缘智能:边缘计算与人工智能融合的新范式,周知:41045562|于帅:41396179|陈旭:14279514,11,边缘计算; 人工智能; 边缘智能; 服务迁移;,"边缘计算与人工智能这两种高速发展的新技术之间存在着彼此赋能的巨大潜力。通过3个研究案例,展示协同边缘计算和人工智能这两种技术如何促进各自的进一步发展。从边缘计算赋能人工智能的维度,针对深度学习模型在网络边缘侧的部署,提出了基于边端协同的深度学习按需加速框架,通过协同优化模型分割和模型精简策略,实现时延约束下的高精度模型推理。从人工智能赋能边缘计算的维度,针对边缘计算服务的放置问题,提出了基于在线学习的自适应边缘服务放置机制和基于因子图模型的预测性边缘服务迁移方法。 ",DSJU201902004
边缘计算使能智慧电网, ,15,边缘计算; 电网智能化; 容器和虚拟化;,"随着物联网技术、高速通信技术、智能芯片技术的发展,协同利用这些技术提高传统电网在设备数据收集、储能策略分析和用电安全监控等方面的效能成为亟待解决的难题。对边缘计算技术如何助力电力企业智能化转型进行了着重分析,讨论了边缘计算在构建低时延、轻量级、高效能和高可靠的智慧电网平台方面的优势,介绍了智慧电网中的各类应用场景和对应的边缘计算解决方案。最后,对国内外两种边缘计算平台及其使用的主要技术和应用场景进行了分析。 ",DSJU201902005
基于边缘计算的森林火警监测系统,张科1:41397151|叶影1:41397152,10,森林火警监测; 云计算; 边缘计算;,"云计算和图像处理技术的应用极大地改变了森林火警监测的方式。基于云架构的森林火警监测技术在检测实时性和图像算法可配置性方面均存在不足。为了解决这些问题,设计了一种基于边缘计算的森林火警监测系统。系统采用边缘计算的方式,利用森林监测站的边缘计算机或服务器执行火灾检测的图像处理任务,提高了火灾检测和预警的实时性。另外,系统引入了算法重配置的功能模块,以便火灾识别算法的迭代与更新,减少了系统二次开发的成本,进一步增强了系统的实用性。 ",DSJU201902006
CPU-MIC异构并行架构下基于大规模频繁子图挖掘的药物发现算法,彭绍亮1:39300999|牛琦1:41107323|李肯立1:07417443|邹权2:41107324,15,频繁子图挖掘; 生物信息学; 并行算法; 内存约束; 同构; 集成众核;,"频繁子图挖掘是许多实际应用领域中需要解决的重要问题,由于计算密集性、挖掘的图集及其结果容量大,现有的频繁子图挖掘方案无法满足时间需求,其处理效率是目前面临的主要挑战。原创性地提出了并行加速的频繁子图挖掘工具cmFSM。cmFSM主要在3个层次上进行并行优化:单节点上的细粒度OpenMP并行化、多节点多进程并行化和CPU-MIC协作并行化。在单节点上cmFSM的处理速度比基于CPU的最佳算法快一倍,在多节点方案中cmFSM提供可扩展性。结果表明,即使只使用一些并行计算资源,cmFSM也明显优于现有的最先进的算法。这充分表明提出的工具在生物信息学领域的有效性。 ",DSJU201902007
智能电网数据资产的风险管理,李爱华1:21711498|陈思光1:41396180|张悦今2:26051481,12,智能电网; 数据资产管理; 风险管理; 供应链管理;,"智能电网本身的复杂性使得目前我国各部门智能电网数据的管理水平参差不齐,数据资产化存在诸多风险。因此,风险管理成为智能电网数据资产化工作推进的必要环节。从智能电网数据资产的特征入手,结合电力行业特征、大数据研究方法和风险管理要素,为智能电网数据资产的风险识别与管理提出了数据治理、数据安全、供应链数据共享、客户信用风险控制以及智能电网稳健性建设等建议,并结合我国电网实际项目与实施效果进行了案例研究,最后分析了智能电网数据资产风险管理未来的发展趋势。 ",DSJU201902008
区块链在智慧农业中的应用展望,孙忠富1:10539712|李永利2:16260919|郑飞翔1:29527303|杜克明1:10656400|马浚诚1:36786333|张德龙2:21939690,9,区块链; 智慧农业; 农业区块链; 农业大数据; 农业物联网;,"我国农业正处于升级转型的重要时期,融合现代信息技术发展智慧农业是实现农业现代化的先行之路。首先,分析了我国农业的发展现状,进而阐述了智慧农业发展及其与区块链应用融合的必要性;其次,介绍了区块链的内涵及发展现状;第三,分析了区块链在智慧农业创新发展中可能的应用领域;最后,阐述了区块链的发展前景,并提出了区块链在农业领域应用的一些建议。 ",DSJU201902009
“全息数字人”——健康医疗大数据应用的新模式,"金小桃1,2:41076861|王光宇3:41076862|黄安鹏1,2:06262716",9,健康医疗大数据; 全息数字人; 健康科技; 健康新经济; 前沿交叉;,"健康医疗大数据应用发展是催生健康医疗新技术、新方法、新手段、新模式、新业态发展的强大动力,对于提升经济发展新动能起到了巨大的促进作用,并助推健康产业早日成为国民经济的重要支柱产业。首先梳理了健康医疗大数据发展的国家政策背景和社会发展的时代需求,在此基础上,提出并分析了""全息数字人""的概念和内涵,探讨了发展""全息数字人""新科技和构建医疗健康服务的新模式、发展""全息数字人""应用需要的新思维以及""全息数字人""发展的途径与成果共享方式。 ",DSJU201901001
医疗数据治理——构建高质量医疗大数据智能分析数据基础,阮彤:07529106|邱加辉:41074870|张知行:41074871|叶琪:07534163,13,医疗数据治理; 数据可用性; 元数据; 主数据;,"以专病真实世界研究为背景,分析了医疗数据治理和数据可用性存在的各种问题。从医院数据治理出发,延伸到区域数据治理、专科联盟数据治理以及医疗标注数据与知识型数据的治理,总结了不同层次、不同层面数据治理的共性方法与个性方法。在此基础上,进一步探讨了数据治理中的主数据管理、元数据管理、数据质量控制等关键技术和关键环节。最后,给出了医疗大数据标准的基本框架,并基于现有的数据治理评估标准,对医疗大数据治理的现状进行了评估。 ",DSJU201901002
基于深度学习的异构时序事件患者数据表示学习框架,刘卢琛:39440379|沈剑豪:39440380|张铭:06276534|王子昌:14763547|李浩然:29700125|刘泽群:41074872,14,电子病历; 患者数据表示学习; 异构时序事件; 深度学习;,"患者数据的表示学习可以将患者历史信息综合表达为一个向量,用于预测未来可能发生的疾病。患者的历史记录可以被建模为多来源数据构成的采样频率差异很大、包含非线性时序关系的异构时序事件。提出了一个新的异构事件长短期记忆表示学习框架,用于学习患者异构时序事件的联合表征。异构事件长短期记忆模型加入了一个可以控制事件访问频率的门,以对不同事件的不规则采样频率建模,同时抓住事件中的复杂时序依赖关系。真实临床数据的实验表明,该方法可以在一系列先进模型的基础上,提升死亡预测和异常实验结果预测的准确度。 ",DSJU201901003
人工智能在医学影像中的研究与应用, ,29,人工智能; 医学影像; 成像方法; 图像处理与分析; 自然语言处理;,"近年来,人工智能成为学术界和工业界的研究热点,并已经成功应用于医疗健康等领域。着重介绍了人工智能在医学影像领域最新的研究与应用进展,包括智能成像设备、智能图像处理与分析、影像组学、医学影像与自然语言处理的结合等前沿方向。分析了研究和发展从源头入手的全链条人工智能技术的重要性和可行性,阐述了学术界和工业界在这一重要方向上的创新性工作。同时指出,人工智能在医学影像领域中的研究尚处于起步阶段,人工智能与医学影像的结合将成为国际上长期的研究热点。 ",DSJU201901004
基于数据挖掘的触诊成像乳腺癌智能诊断模型和方法,张旭东1:06264884|孙圣力1:22077850,9,智能诊断; 临床数据; 机器学习; SMOTE算法;,"为了辅助医护人员利用触诊成像技术判定乳腺癌,提出了触诊成像乳腺癌智能诊断模型和方法。采用乳腺癌早期筛查及风险评估的临床数据,以触诊成像诊断结果为对比数据,通过决策树等机器学习算法以及投票法,对乳腺肿瘤的良恶性质进行判定。使用SMOTE算法对数据进行处理,建立了诊断模型和方法,自动完成对乳腺肿瘤性质的诊断。实验结果表明,乳腺癌正确筛查的准确性达到98%,提出的方法具有很好的应用价值。 ",DSJU201901005
分布式数据库在金融应用场景中的探索与实践,刘雷1:35533848|郭志军1:29283984|马海欣1:40118619|赵琼1:31842952|胡卉芪2:38065100|蔡鹏2:36703661|杜洪涛3:09102707|周傲英2:21917016|李战怀3:10203077,10,分布式数据库; CBASE; 高可用性; 可容错; 可扩展;,"金融互联网化的迅速发展要求金融数据库系统同时具备高性能、可扩展、高可用和高容错等特性,传统数据库管理系统难以同时满足这些特性。为了应对金融互联网化带来的挑战,响应国家对技术自主可控需求,交通银行专注于支持金融行业典型交易的新一代数据库系统研发,通过实现轻量级分布式选举协议和分布式事务功能,开发了具备高性能、可扩展、高可用和高容错特性的分布式数据库,并成功将其运用于交通银行多个关键业务系统中。 ",DSJU201901006
共享单车运营分析及决策研究,张红:07919715|周迪新:37650678|程传祺:41074873|沙毓:38690438,11,共享单车; 时空分布; 蚁群算法; 满足程度; 决策支持;,"针对共享单车运营过程中出现的分配不均衡和调度不合理的问题,基于某城市10个区域的共享单车骑行记录数据,综合应用时空统计及回归演绎分析和群智能算法,在分析共享单车时空分布特征的基础上,研究了基于蚁群算法的单车调度路径优化,设计了基于满足程度的共享单车区域最佳分配方案,并建立了共享单车投放量和打车人次间的回归模型,探讨了共享单车对打车市场的影响。研究结果对解决共享单车运营中存在的问题和提高共享单车运营效率及管理水平有重要的指导意义。 ",DSJU201901007
基于百度贴吧的HIV高危人群特征分析,肖时耀1:41075065|吕慰2:41075066|陈洒然1:30476743|秦烁1:40472966|黄格1:39371379|蔡梦思1:39044790|谭跃进1:20577660|谭旭3:22633385|吕欣1:20824752,11,在线高危人群; 男同性恋; HIV; LDA话题模型; 百度贴吧; 机器学习;,"对百度贴吧""恐艾吧""中在线高危人群的帖子内容、线上活动时间规律进行了分析,利用LDA话题模型,对比分析了有无HIV感染者参与的主贴讨论的话题之间的差异,使用基于关键词的机器学习方法区分了在""恐艾吧""中发布话题的用户的性取向,计算不同性取向人群中HIV的流行率。研究结果说明,使用在线数据挖掘的技术和方法比传统方法更加高效,可以作为高危人群研究的重要补充。此外,基于机器学习对人群性取向进行智能判别,对于公共卫生管理部门监测疫情在不同人群中的发展状况有重要意义。 ",DSJU201901008
CCF大专委2019年大数据发展趋势预测,"周涛1:41075224|潘柱廷2,3,4,5,6,7:28115507|程学旗8,9,10,11:09559496",7, ,"<正>1引言2018年12月6日,中国计算机学会(CCF)大数据专家委员会(以下简称大专委)在2018年中国大数据技术大会(BDTC)的开幕式上,正式发布了2019年大数据十大发展趋势预测。作为自2012年起就持续开展的一项活动,大专委""大数据发展趋势预测""已经形成了良好的品牌效应。本次趋势预测结果一经发布,就引发了国内各大媒体的广泛传播。本次大数据发展趋势预测面向大专委的正式委员和通讯委员,经历了候选项征集和正式投票两个环节。2018年委员们对趋势预测的参与热情有了显著提升,投票人数创历史新高。在候选项征集环节,有47位委员对候选项的设立积极建言献策,笔者团队根据大家的意见对2019年趋势预测的候选项进行了大幅度 ",DSJU201901009
2017年《大数据》高被引论文Top10,,1, , ,DSJU201901010
大数据驱动5G网络与服务优化,邬贺铨:09515567,8,5G; 大数据; 移动数据; 网络优化; 服务优化;,"5G时代的到来将进一步加速移动数据的发展。介绍了移动大数据的来源,分析了大数据分析在5G网络优化中的应用方向。针对5G网络的新特点,系统阐述了大数据在5G网络中的大规模天线与分布式天线、无线接入网资源管理、异构接入组网、云网、移动边缘计算、终端与云端的智能、SDN与NFV、网络切片、跨层联合优化、源选路优化等方面可能的应用。并结合5G大数据的特点,分析了其在智慧城市、智慧医疗、智慧交通、工业互联网方面的应用。 ",DSJU201806001
新工科背景下的大数据教学体系建设探析,王元卓1:24307899|于建业2:37892444,8,大数据; 新工科; 专业建设;,"大数据产业迅猛发展,对大数据人才培养提出了巨大挑战。如何有效地融合跨学科、交叉领域的知识,构建大数据教学体系,是当前高校大数据专业建设面临的问题。从新工科角度出发,对大数据教学体系建设中的人才培养要求、课程体系、教材体系和实践教学体系进行了探讨,并对当前一些政产教融合的探索进行了介绍,最后对促进大数据专业建设的关键点进行了讨论。 ",DSJU201806002
“数据科学”课程群与“数据科学导论”课程建设初探,覃雄派:10374960|陈跃国:24543793|李翠平:10914774|柴云鹏:27970286|徐君:09645417|文继荣:09750702|杜小勇:09746797,10,人才培养; 大数据; 数据科学; 课程体系;,"为适应新时代数据科学和大数据人才培养的需求,中国人民大学信息学院近年来针对计算机课程体系进行改革,设计了以""问题求解""""系统平台""和""数据科学""为主线的三大课程群。在介绍这三大课程群设计理念的基础上,重点介绍""数据科学""课程群中的第一门课""数据科学导论""课程的目标和定位、内容安排、教学计划、考核方法以及实践环节设计。 ",DSJU201806003
大数据技术原理与应用课程建设经验分享,林子雨:09196608,9,大数据; 课程体系; MOOC; 公共服务平台;,"大数据专业人才的培养是世界各国新一轮科技较量的基础,高等院校承担着大数据人才培养的重任。大数据专业作为典型的""新工科""专业,在课程体系建设方面还处于摸索阶段。首先剖析了大数据课程建设的难点,然后介绍了厦门大学建设的大数据课程体系,包括入门级课程、进阶级课程和实训课程,最后分享了大数据技术原理与应用课程建设的经验与方法,包括课程定位、培养目标、预备知识、大数据与云计算课程之间的知识切割、课程内容与学时安排、课程教材、实验环境搭建、配套资源建设、在线服务平台、线下培训与交流等。 ",DSJU201806004
新工科背景下大数据专业导论课程的改革与探索,张祖平:10159695,8,新工科; 大数据专业; 导论课程; 能力体系;,"在申报与建设数据科学与大数据技术专业的热潮中,专业培养体系与相关课程大纲一直是各个高校体现其特点的内容。针对专业导论课程的培养目标,结合新工科研究与实践项目的要求,论述了专业导论的教材准备、课程定位及具体教学内容。通过在专业课程中引入实践教学,实现专业能力体系的培养目标,让学生在进入大数据专业的初期就形成良好的实践意识,并对典型技术有切身体会,从而达到大数据专业的知识水平与能力要求。 ",DSJU201806005
新工科背景下的计算机类专业人才培养探讨,马礼:22238372|张永梅:23946245,8,新工科; 信息技术; 教学体系;,"新工科顺应社会和技术发展,对人才培养提出了新的挑战。从构建计算机类专业人才培养的角度,对理论教学体系和实践教学体系建设等方面进行了探讨,在培养方案结构、课程内容、实习实训以及校企联合培养人才方面提出了新的观点,为新工科环境下的信息类人才培养提供了一种借鉴方案。 ",DSJU201806006
基于主动学习和克里金插值的空气质量推测,常慧娟1:40850753|於志文1:09118006|於志勇2:26321510|安琦1:09120523|郭斌1:15618550,11,克里金插值; 空气质量指数; 主动学习; 空间插值; 空气质量推测;,"空气质量监测站仅能在少数位置部署,故而无法获取城市中每个位置的空气质量信息。提出了一种基于主动学习和克里金插值的空气质量推测算法。该算法首先选用克里金插值作为基础的空气质量推测算法,然后结合主动学习的思想,对置信度最大的位置进行优先采样,最终建立基于主动学习的插值模型,通过最少的监测点对空气质量进行采样,最大限度地提升推测其他位置空气质量的准确度。研究结果表明,所提算法能够有效地提高空气质量推测精度,同时减少监测站采样数量,降低部署成本。 ",DSJU201806007
从数据的属性看数据资产,"朱扬勇1,2:06710346|叶雅珍1,2,3:39026332",12,数据资产; 数据资源; 大数据; 数字经济;,"在大数据背景下,数据作为数字经济的关键要素已经得到广泛认可,有必要理清信息资产、数字资产和数据资产等概念。综述了信息资产、数字资产、数据资产等概念的发展,分析讨论了数据自身及数据资产的物理属性、存在属性和信息属性,提出将信息资产、数字资产、数据资产等统一为数据资产,并认为数据资产是拥有数据权属、有价值、可计量、可读取的网络空间中的数据资源,数据资产兼有无形资产和有形资产、流动资产和长期资产的特征,是一种新的资产类别。 ",DSJU201806008
大数据领域国家工程实验室,,1, ,"<正>编者按:为了提高大数据领域自主创新能力,促进大数据产业快速发展,国家发展和改革委员会批准组建了13个大数据领域国家工程实验室。作为国家层面的大数据领域创新平台,国家工程实验室受到了大数据领域的从业人员和政府机构等各界人士的热切关注。《大数据》杂志特别策划了""大数据领域国家工程实验室专栏"",系统阐述代表我国大数据科研水平的国家工程实验室的设立思路、发展目标、建设进度、中长期 ",DSJU201806009
综合交通大数据应用技术创新平台,"刘晓波1,2:11064358|蒋阳升1,2:09178687|唐优华1,2:09161676",8,综合交通; 大数据; 创新平台; 国家工程实验室;,"为支持解决我国综合交通跨行业、跨地域管理服务能力不足的核心问题,提出利用大数据、人工智能等技术建设综合交通运输科技创新平台,实现综合交通运输系统发展驱动引擎升级和发展动能转换。重点介绍了平台总体技术框架、研发体系和当前建设的进展。 ",DSJU201806010
数据安全治理的几个基本问题,杜跃进:33923495,7, ,"<正>1引言数据安全如今在全球受到极大的关注,大家都在讨论这个话题。但对于什么是数据安全、该如何做数据安全等基本问题,大家还存在很多混乱甚至误解。本文围绕与当前数据安全相关的一些基本概念进行探讨。2为何强调""数据安全"",而非""大数据安全""很多人在讨论大数据安全这个话题的时候,会纠结于""这是不是大数据""或者""这是不是大数据系统""。这会让人们忽略现在面临的真正问题:在数据无处 ",DSJU201806011
大数据,,1, ,"<正>www.j-bigdataresearch.com.cnISSN 2096-0271CN 10-1321/G2中国科技核心期刊双月刊·单月15日出版2019年共6期·35元/期·全年价210元邮发代号:2-537编辑部电话:010-81055490广告部电话:010-81055448邮局订阅凭邮发代号,在全国各地邮局(所)订阅发行部订阅请以电话或邮件方式联系发行部,提交订阅信息电话:010-81055346E-mail:guozhenlei@ptpress.com.cn中国知网订阅自2020年起,纸质版和电子版均可通过中国知网订阅银行汇款户名:北京信通传媒有限责任公司开户行:中国工商银行北京体育馆路支行账号:0200008109200044661 ",DSJU201806012
数据自治开放模式,"朱扬勇1,2:06710346|熊贇1,2:24529592|廖志成1,2:26280680|叶雅珍1,2,3:39026332",11,数据开放; 数据共享; 数据自治开放; 大数据;,"介绍了现有数据资源管理模式,并指出了其中存在的问题;提出了数据自治开放模式,并介绍了数据自治开放技术。数据自治开放模式有望成为数据开放的基本模式,是政府数据开放共享、企业及个人数据交易、国家数据主权实现的一种可行方法。 ",DSJU201802001
数据自治开放与治理模式创新,沈逸1:45670215|姚旭1:34532518|朱扬勇2:06710346,7,数据自治开放; 数据共享; 电子政府; 治理;,"当前政府治理日趋离不开对数据资源的妥善管理和运用,在此过程中面临的最主要的难题是如何实现有效的数据共享。为解决这一难题,提出了数据自治的概念,认为可以在明确数据资源权属并界定必要的使用—维护成本的情况下,由政府相关部门自主推进数据资源的开放共享。经过比较分析,认为以数据自治为基础的开放政府建设是一条中国特色的实践路径,不仅能够服务于中国,而且能够为当今世界解决类似难题做出重要贡献。 ",DSJU201802002
面向数据自治开放的数据盒模型,"熊贇1,2:24529592|朱扬勇1,2:06710346",10,数据开放; 数据共享; 数据自治开放; 数据模型;,"在数据自治开放模式中,数据使用者可以将数据上传到应用软件或下载数据到其设备中。其中面临的问题首先是让数据使用者看得见有哪些数据,其次是如何合理组织数据方便应用软件使用、计量和管控。提出了一个数据盒模型作为数据自治开放环境下的基本数据模型,介绍了数据盒的基本要素组成及运作系统架构,说明了该数据模型的具体实施方式。 ",DSJU201802003
数据自治开放的软件开发和运行环境,"吴毅坚1,2:06701458|陈士壮1,2:39026334|葛佳丽1,2:39026335|赵文耘1,2:06717979",11,数据开放; 数据自治开放; 软件开发环境; 软件运行环境; 软件行为管控;,"数据自治开放是数据开放的一种新形式,能保护数据拥有者的合法权益。数据自治开放这一新的数据开放模式要求软件开发和运行环境能从应用的需求描述、应用开发和调试、应用运行监控等方面进行全方位的支持。给出了支持数据自治开放的软件开发和运行环境的总体设计,阐述了支持软件行为管控的数据自治开放应用开发全过程,从而实现数据自治开放中数据的全生命周期管理,说明了建设数据自治开放的软件开发运行基础设施的可行性。 ",DSJU201802004
数据自治开放模式下的隐私保护,"王智慧1,2:10761736|周旭晨1,2:38970668|朱云1,2:06710354",8,数据管理; 数据自治开放; 隐私保护;,"数据开放对于提升数据资源的应用价值具有十分重要的意义。但是出于隐私保护的考虑,数据开放应该是有监管的开放,即采取数据自治开放模式。针对数据自治开放可能给隐私保护带来的挑战,提出了面向数据盒的隐私保护系统框架。该系统框架针对数据使用者的数据使用声明进行隐私泄露风险评估,并在评估结果的基础上决定是否授权许可相应的数据使用请求,以支持数据自治开放的实现。 ",DSJU201802005
数据自治开放的加密技术挑战,"黄霖1,2:06704628|黎源1,2:39026336|汪星辰1,2:39026337|赵运磊1,2:06708871",13,数据自治开放; 对称可搜索加密; 属性保留加密; 属性揭示加密; 同态加密; 不经意随机存取;,"数据自治开放以数据盒为基本数据单元向数据使用者开放,因此数据资源稀缺性丧失和隐私泄露等问题的防范主要针对数据盒。一个数据盒可能包含照片、视频、文本和结构化数据等,传统的数据加密技术无法有效应用。系统分析了数据盒对数据加密的需求和传统数据加密技术面临的挑战,探讨了面向数据自治开放的加密新型技术的展望。 ",DSJU201802006
数据自治开放应用平台设计与实践,陈德华:06607426|潘乔:21759402|王梅:06608861|乐嘉锦:06604315,9,大数据; 数据自治开放; 数据逻辑组织; 需求接口;,"围绕数据自治开放的数据管理新模式,提出了一套面向数据自治开放应用的整体解决方案,讨论了该解决方案的整体框架、系统功能及接口。针对数据提供者和数据使用者,对数据自治的数据逻辑组织、数据安全描述接口、查询描述接口等应用系统构建的关键技术进行了介绍。最后以医疗领域三级诊疗应用系统为例,探索了数据自治开放应用实践。 ",DSJU201802007
基于关联规则的气象服务智能推荐,赵文芳:21167224|刘亚楠:27575857|余东昌:30572435,14,智能推荐; 关联规则; Web日志; 气象公众服务; 并行计算; 相似度; 协同过滤;,"针对气象公众服务存在的专业化程度不高、针对性不强等问题,提出了一种使用关联规则向用户推荐气象服务产品的方法。将用户访问的Web日志数据经过清洗、转换后进行关联规则挖掘,同时设计了一种基于气象产品浏览总次数计算产品相似度的算法,对挖掘出来的关联规则进行筛选。共进行了5组实验,并对用户浏览产品的行为进行了简单预测。实验结果表明,挖掘出的规则在降水天气和雾霾天气中的正确率比较高,结合气象服务产品的相似度能过滤掉10%的无效规则,从而提升规则的正确性。 ",DSJU201802008
互联网环境下分布式事务处理系统现状与趋势,马鹏玮:39582060|魏凯:35802747|姜春宇:35803143,9,分布式; 数据库; 事务;,"传统集中式数据处理系统由于摩尔定律的逐渐失效,开始显露出性能瓶颈,无法有效支撑当前业务的快速发展。同时由于安全、成本、政策等原因,原有集中式数据处理系统向分布式数据处理系统转型成为必经之路。从分布式事务处理系统的发展背景、优势及挑战、技术特点、应用要点、未来发展方向等方面介绍了分布式事务处理系统的意义、现状及趋势,为后续分布式事务处理系统的应用及发展提供了理论基础和指导。 ",DSJU201802009
专栏:大数据领域国家工程实验室,,2, ,"为了提高大数据领域自主创新能力,促进大数据产业快速发展,国家发展和改革委员会批准组建了13个大数据领域国家工程实验室。作为国家层面的大数据领域创新平台,国家工程实验室受到了大数据领域的从业人员和政府机构等各界人士的热切关注。《大数据》杂志特别策划了""大数据领域国家工程实验室专栏"",系统阐述代表我国大数据科研水平的国家工程实验室的设立思路、发展目标、建设进度、中长期规划,报道其重大科技成果和成功应用案例,并对各实验室主攻领域进行趋势预测和未来展望,为大数据领域产、学、研、政各界人士提供开放的交流平台,促进相互合作,推动我国大数据产业的发展,使大数据技术真正应用于社会,服务于社会发展。该专栏计划每期刊登1~2篇文章,邀请各个大数据领域国家工程实验室的研究团队撰稿,敬请期待! ",DSJU201802010
大数据系统计算技术展望,"王海涛1,2:22377895|毛睿1,2:28879777|明仲1,2:09707789",8,大数据系统计算平台; 大数据共性技术; 大数据应用; 国家工程实验室;,"针对大数据系统计算技术现状与问题,系统地介绍了大数据系统计算技术国家工程实验室的大数据系统计算技术创新平台。创新平台以研制自主可控、通用性强的大数据计算平台为核心目标,解决高性能大数据计算中的共性问题,开展大数据示范性应用研发。创新平台的建设将提升国家大数据创新能力,满足我国大数据技术与应用重大需求,促进我国大数据技术服务产业发展壮大,助力我国大数据""双创""生态环境成熟完善。 ",DSJU201802011
大数据系统计算技术国家工程实验室简介,,2, ,"<正>围绕当前制约大数据应用发展的共性关键技术,特别是适合大数据特点的高性能、高可用的系统计算与分析技术,大数据系统计算技术国家工程实验室开展成体系的技术攻关,以研发建设""高性能大数据计算平台""为核心任务与目标,建设国内领先、国际一流的大数据技术创新平台,同时聚焦时空大数据、智能制造大数据、视频流媒体大数据、社交网络大数据等前沿重点领域,开展大数据应用案例研发与示范应用,积极促进大数据""产学研""协同创新与产业化发展,力 ",DSJU201802012
大数据平台在金融行业的典型应用,罗圣美:22190000|戚晨:22840844|王敏:33160802|叶郁文:28845270,8,大数据平台; 数字化转型; 金融行业;,"金融行业需要大数据技术支持数字化转型,但大数据技术体系复杂、组件快速变化、产品有效运维等问题越来越成为金融行业数字化转型的瓶颈。阐述了金融行业数据处理中面临的问题,结合银行业务发展需求,分析了基于开源技术的商用大数据平台Golden Data HD的系统架构、技术难点和主要特性。通过具体应用案例,展示了Golden Data HD的应用效果,该平台有效提升了数据存储容量、查询处理速度和应用业务创新,为金融企业的数字化转型提供了有力支撑。 ",DSJU201802013
垃圾短信大数据自动识别技术,林华生1:23020151|钱岭2:45107008|周莹1:39032595|杨希2:45107075|李婧2:45107593,6,垃圾短信; 大数据; 人工智能; 指纹算法;,"近年来,垃圾短信问题层出不穷,严重侵害了广大用户的通信权益。详细分析了垃圾短信治理面临的挑战、存在的问题及解决思路,利用人工智能手段,设计了一套基于指纹算法的垃圾短信大数据自动识别系统,对新系统的整体架构、工作流程和关键技术进行了详细的阐述。该新系统可以高效治理垃圾短信,全力对抗非法短信侵袭。 ",DSJU201802014
区块链在数据流通中的应用,闫树:37125251|卿苏德:35802650|魏凯:35802747,10,区块链; 数据流通; 智能合约;,"大数据的流通是创造数据价值的关键一环,然而目前数据流通面临着诸多问题。区块链是一种分布式账本技术,具有去中心化和不可篡改特性,可以解决数据流通过程中的一些痛点问题。介绍了区块链技术的特性,阐述了利用区块链改造授权存证环节、进行数据溯源和实现智能合约的主要思路,梳理了实现数据流通的整体架构。在此基础上,给出了国外利用区块链进行数据流通的应用实例,并介绍了一些其他的数据流通新技术。 ",DSJU201801001
基于区块链的供应链金融服务平台, ,9,区块链; 供应链金融; 大数据;,"区块链具有去中心化、稳定安全和防篡改的特点,随着区块链技术的进一步完善与应用,区块链将与金融、医疗、物流等传统行业结合。这将会颠覆部分行业中现有的运作模式,重构一张价值传递的网络。在供应链金融领域进行了区块链应用的探索,构建了一个基于联盟型区块链的供应链金融服务平台。该平台将区块链技术与传统系统结合,为供应链上的各方提供了更加便捷的融资方式,提高了供应链的透明度、可追溯性和安全性。 ",DSJU201801002
面向大数据的区块链在清算系统中的应用, ,14,大数据; 区块链; 共识机制; 密码学; 清算系统;,"介绍面向大数据的区块链在清算系统中的应用实践,内容涉及区块链共识、区块链交易数据安全传输、区块链数据存储、区块链数据查询、交易数据加解密以及清算核心业务等方面,重点分析了大数据版区块链在清算过程中对复合交易进行拆解合并的架构设计,并从大数据分析层面提出对区块链上的数据做风险决策与评估的潜在价值和重要意义。 ",DSJU201801003
区块链与分享型数据库,钱卫宁:22305996|金澈清:21917017|邵奇峰:38621835|周傲英:21917016,10,区块链; 分享型数据库; 数据管理;,"区块链可以实现无中心、高可信的账本管理,成功支撑了比特币等金融领域应用发展。区块链的本质是在不完全可信环境中的可信数据管理,它具有去中心化、防篡改、强一致和完整性等特性。同时,区块链也存在着数据管理功能弱、性能低等问题。通过对比区块链和传统数据管理技术,分析3个典型的金融领域以外的区块链应用,探讨区块链上新的研究问题,并讨论面向特定领域应用,研发分享型数据库系统(即支持核心业务,支撑分享经济业务模式,甚至本身也是以分享经济的方式实现的数据库)的必要性。 ",DSJU201801004
区块链交易数据隐私保护机制,祝烈煌:06342951|董慧:24075497|沈蒙:32364664,11,区块链; 混币机制; 数据隐私保护;,"区块链技术是一种去中心化、去信任化、公开透明的分布式数据存储技术,能够降低信任成本,实现安全可靠的数据交互。然而,攻击者可以轻易地从公开的全局账本中获得所有数据,并通过大数据分析技术挖掘用户交易规律等隐私信息。分析区块链交易数据面临的隐私泄露威胁,描述基于数据分析的攻击方法;介绍以混币机制为代表的交易数据隐私保护机制,简要描述各种混币方法的基本原理,并针对混币过程是否需要中心节点参与的问题分析不同混币机制的优势与缺陷;最后,分析了现有区块链数据隐私保护技术中存在的不足,并展望未来的发展方向。 ",DSJU201801005
零知识证明应用到区块链中的技术挑战, ,9,区块链; 隐私保护; 零知识证明;,"区块链是一种以密码学算法为基础的点对点分布式账本技术,然而,公开透明的区块链账本辅以社会学挖掘、数据挖掘等统计学方法,使得用户的隐私面临重大威胁,因而隐私保护成为当前区块链技术研究的热点。总结了已有的隐私保护方案,重点聚焦于零知识证明技术,阐述并分析了零知识证明应用到区块链隐私保护方案中的技术挑战,并给出了具有指导意义的解决方案。 ",DSJU201801006
新一代互联网安全管理体系研究框架:阳光互联网倡议,"唐鑫1:38631341|吴晓松1:38631342|黄伟1:10177697|LEE Jae Kyu1,2:38631343|赵玺1:22563525|王嘉寅1:11242586",11,网络犯罪; 大数据; 阳光互联网; 用户隐私;,"传统的互联网已经成为全球范围内匿名用户网络犯罪、网络欺诈和恐怖主义的雷区。为了从根本上解决网络安全问题,世界信息系统协会制定了一个基于信息通信技术和大数据技术的阳光互联网宏伟倡议,为传统的网络安全框架提供了一种全新的研究框架,在适当的层面保护用户隐私。基于阳光互联网的5项原则和中国网络安全现状,提出3点可实现的安全架构途径。 ",DSJU201801007
CCF大专委2018年大数据发展趋势预测,"周涛1,2:10517313|卞超轶1:35756089|潘柱廷3,4,5,6,7:28115507|查礼8:10348282|程学旗9,8,10,11:09559496",8, ,"<正>1引言在2017年中国大数据技术大会(BDTC)开幕式上,中国计算机学会(CCF)大数据专家委员会(以下简称大专委)如期发布了2018年大数据十大发展趋势预测,引发了业界的广泛关注和持续传播。本次大数据发展趋势预测经历了候选项征集和正式投票两个环节。在候选项征集环节,补充了若干体现大数据领域最新进展的候选项,并调整和删除了一些过时选项,最终形成的预测选项包括67项发展 ",DSJU201801008
浅论区块链的可运维性,白硕:09596143,5, ,"<正>1引言什么是IT系统的""可运维性""?通俗地讲,IT系统的可运维性就是一个IT系统自身提供的确保该系统的正常运行状态、排除该系统的异常运行状态、应对突发的运行需求的能力。这种能力最终需要与从事运维工作的人结合,才能真正发挥其预期效果,但是如果系统提供的""可运维性""能力很差,就会导致从事运维工作的人无 ",DSJU201801009
专栏:大数据领域国家工程实验室,,2, ,"<正>编者按:为了提高大数据领域自主创新能力,促进大数据产业快速发展,国家发展和改革委员会批准组建了13个大数据领域国家工程实验室。作为国家层面的大数据领域创新平台,国家工程实验室受到了大数据领域的从业人员和政府机构等各界人士的热切关注。《大数据》杂志特别策划了""大数据领域国家工程实验 ",DSJU201801010
大数据分析系统创新平台与生态建设,"王元卓1,2:24307899|靳小龙1,2:26681578|程学旗1,2:09559496",8,大数据分析系统; 大数据开放生态; 国家工程实验室;,"针对大数据分析处理深度与智能化程度不足,大数据分析计算不贯通、数据模型参数复杂,大数据算法易用性差、分析处理链路缺失以及大数据发挥协同效应条件要求高等共性技术与工程化瓶颈,系统地介绍了大数据分析系统国家工程验室研制的大数据分析系统创新平台的技术架构。该平台将重点支持科学计算、政府治理和社会安全等方面的示范应用,通过开放生态向各领域与全行业辐射,推动创新创业发展。 ",DSJU201801011
大数据分析系统国家工程实验室简介,,3, ,"<正>针对我国大数据挖掘与分析能力弱、大数据算法应用和综合能力不高等问题,大数据分析系统国家工程实验室重点突破大数据分析共性技术的瓶颈问题,研制大数据分析系统创新平台,开展大数据复杂性和不确定性特征描述、异构大数据预处理、大数据挖掘与分析计算系统、大数据挖掘结果与决策支持、基于大数据的智能知识获取算法等技术的研发和工程化。建设世界领先的大数据分析系统和关键技术研发基地,重点支持科学计算、政府治理和社会安全等方面的示 ",DSJU201801012
基于关联分析与机器学习的配网台区重过载预测方法,张国宾:37183960|王晓蓉:20636113|邓春宇:33149311,12,台区重过载; 关联分析; 机器学习;,"针对配电网运行中长期存在的台区重过载问题,提出基于关联规则挖掘的重过载影响因素分析方法,从设备和用户属性、自然环境、短期负荷特性中挖掘针对各类重过载事件的关联规则。从关联项中提取重过载影响因素,并基于机器学习模型,建立重过载事件预测模型,实现对重过载事件的短期预测。最后利用业务系统实际数据,对所提方法进行了效果验证。算例结果表明,新方法能够更为系统、全面地刻画重过载事件,提出的重过载预测模型在命中率和准确率方面表现良好。 ",DSJU201801013
金融科技在互联网金融行业性风险防范领域的应用,,7,反欺诈; 共享平台; 知识图谱;,"互联网金融领域出现的越来越多的欺诈风险、多头负债等现象,已经严重影响了行业的健康发展。详细分析了互联网金融行业面临的挑战,采用分布式架构设计及API调用技术,设计了一个行业机构间的共享生态系统,并以知识图谱为底层架构,设计了更适用于金融场景的社交网络图谱,构建了反欺诈的风控体系,实现了互联网金融行业数据的互联与互通,有效防范了行业多头负债的发生,提升了行业反欺诈能力。 ",DSJU201801014
2016年《大数据》高被引论文Top10,,1, , ,DSJU201801015
工业大数据技术综述,王建民:08181451,12,工业大数据; 工业互联网; 大数据软件; 系统架构;,"工业大数据是工业数据的总称,包括信息化数据、物联网数据以及跨界数据,是工业互联网的核心要素。分析了工业大数据的发展背景和主体来源,剖析了工业大数据、企业信息化和工业互联网之间的相互关系,阐述了工业大数据""多模态、高通量、强关联""的数据特点以及""跨尺度、产业链、跨界""多源数据融合的应用特点,探讨了工业大数据软件系统架构,给出了制造环节的大数据应用实例。 ",DSJU201706001
基于炼铁大数据智能互联平台推动传统工业转型升级, ,12,炼铁; 大数据; 智能制造; 信息物理系统;,"通过炼铁物联网子系统采集高炉现场监控系统、检化验系统、生产运营系统的基础数据,根据工艺流程建立相关机理数学模型及信息物理系统,研发了基于数据驱动和机理模型的大数据存储和智能互联平台,对炼铁工序海量数据进行深度挖掘。结合机理模型及冶金行业的核心评价标准,对不同企业、各工序、各人员操作数据进行横向及纵向对比分析,在此平台上快速高效地完成炼铁操作制度的建议、炼铁大数据的云端数学建模计算、炼铁信息和标准的快速获取、炼铁问题的互动咨询等,探索了信息技术、大数据技术、互联网技术与传统冶金技术的深度融合。 ",DSJU201706002
工业大数据的应用与实践,袁爱进1:38216484,15,工业大数据; 共享数据; 平台; 智能服务;,"随着物联网和信息物理系统时代的来临,更多数据可以被收集和分析,工业大数据也成为行业创新和转型的重要驱动力。与传统互联网大数据不同,工业大数据与工业逻辑紧密结合,详细对比了工业大数据与互联网大数据的区别,结合典型案例,阐述了需求驱动传统制造业变革的过程和工业大数据的发展之路,介绍了工业大数据平台的架构和工作原理。最后以挖掘机业务为例,展示了工业大数据平台的应用效果,并提出共享数据和模型将会使基于数据的应用产生更大的价值。 ",DSJU201706003
面向智能电网的电力大数据存储与分析应用,崔立真1:08198818|史玉良1:08264171|刘磊1:08230241|赵卓峰2:27195995|毕艳冰3:38591151,13,智能电网; 大数据; 存储; 智能分析;,阐述了智能电网面临的挑战以及大数据关键技术对电力行业的可持续发展和坚强智能电网建立的重要意义。分别从智能电网主数据管理、用电信息统一存储管理、电能质量分析、配网运营能力分析等几个典型大数据系统分析了大数据关键技术在智能电网中的应用。 ,DSJU201706004
一种情感判别分析体系在汽车品牌舆情管理中的应用,宋云生:38211288,10,情感分析; 监督模型; 朴素贝叶斯; 自然语言处理;,"品牌舆情管理涉及文本、语音等自然语言产物的处理,如挖掘文本内涵的情感、观点等并对其量化,才能进一步分析品牌所处的舆论环境。对自然语言中情感的量化即情感判别分析,针对传统的基于词典的情感分析和基于监督模型的情感分析存在的不足,提出了一种新的情感分析系统,并结合朴素贝叶斯分类算法,提高了情感分析的准确率,并增强了量化分析情感强度的能力。经测试,提出的文本情感分析引擎的情感判别准确率高于常见的分析方法,且不具有非常明显的行业特异性。 ",DSJU201706005
大数据存储系统I/O性能优化技术研究进展,肖利民:17619554|霍志胜:29639690,20,大数据存储系统; 存储系统架构; 元数据I/O性能; 数据I/O性能; 性能优化技术;,"大数据存储系统的I/O性能是影响大数据应用整体性能的关键因素之一,总结了当前在存储系统架构、元数据I/O性能、数据I/O性能方面开展的大数据存储系统I/O性能优化工作,并指出了未来大数据存储系统I/O性能优化的一些研究方向。 ",DSJU201706006
信息物理社会融合系统:一种以数据为中心的框架,翟书颖1:43073768|郭斌2:15618550|李茹1:43073769|王庭良1:43073770|於志文2:09118006|周兴社2:00005751,8,信息物理社会融合系统; 人在回路; 数据驱动架构; 跨空间协同感知;,"信息物理社会融合系统连接信息空间、物理空间和人类社会,成为一种新的人在回路的计算系统。以数据为中心刻画信息物理社会融合系统的新特征,包括数据时空交织性、跨空间数据融合及人机智能协作性。构建了一个统一的系统框架,由资源管理、协作感知、数据预处理、数据融合、隐私保护等部分组成,并就其在城市管理、公共安全、智能交通、商业智能等重要领域的应用和未来研究挑战进行探讨。 ",DSJU201706007
基于文本挖掘的游客对古镇旅游态度的分析,范珈瑜:38211289,9,文本挖掘; 古镇旅游; 情感分析; 因子分析; 模糊综合评价模型; 方差分析;,"围绕游客的反馈,分析古镇旅游项目存在的问题及游客的态度。选取了5个各具特色的古镇——甲居藏寨、西江千户苗寨、周庄古镇、黄姚古镇、西塘古镇作为参考。利用大量的评论进行文本挖掘、统计词频,分析热门话题。再运用情感分析得到评分,进而分析游客的好感度及可能影响评价的因素。最后,结合因子分析建立综合模糊评分模型,以计算古镇旅游的最终得分。研究结果可作为参考,以此优化改善古镇旅游体验,保护历史文明遗址。 ",DSJU201706008
“数据科学概论”课程设计,覃雄派1:10374960|陈跃国1:24543793|杜小勇1:09746797|王伟娟2:38211290,10,数据科学; 课程群; 数据科学概论; 课程设计;,"大数据时代已经到来,为了挖掘大数据的价值,社会急需大量合格的数据科学家,数据科学家的培养是一个紧迫的问题。提出了三大课程群的课程体系建设思路,其中""数据科学概论""是数据科学课程群的导论和入门性质的一门课程。本课程通过案例对关键技术的原理进行介绍,提供了中等规模实际问题的全流程实践案例,有利于学生掌握。数据科学是一门交叉学科,课程应该体现学科交叉的特点。对于时间序列数据,从统计学视角和数据挖掘/机器学习视角,对其分析和建模技术进行了介绍和比较。 ",DSJU201706009
从全生命周期管理角度看大数据安全技术研究,"李树栋1,2:37963430|贾焰2:05970350|吴晓波3:10987161|李爱平2:20650444|杨小东4:09193206|赵大伟5:34306013",17,大数据安全; 存储安全; 传输安全; 共享安全; 隐私保护;,"数据信息在生产、存储、使用、传输、共享、销毁等环节暴露出的大数据安全问题突出,成为了制约大数据应用发展的瓶颈。总结了世界各国的大数据安全发展战略;从大数据的全生命周期管理角度出发,重点聚焦于大数据的收集、存储、传输、使用、开放(访问控制、共享安全与隐私保护)、销毁和管理策略(体系和标准建设)等阶段,对当前大数据安全防护技术的研究现状和趋势进行阐述。给出了未来大数据安全技术研究需要解决的几个新问题。 ",DSJU201705001
个人信息去标识化框架及标准化,谢安明1:37957976|金涛2:08169581|周涛1:10517313,10,个人信息; 去标识化; 框架; 标准化;,"随着大数据的发展,个人信息保护面临严峻的安全形势,去标识化有助于平衡个人信息保护要求和数据共享利用需求。分析了国内外去标识化研究现状,结合我国法律有关要求和个人信息保护的迫切需求,提出了个人信息去标识化框架,给出了规范化的去标识化过程指南。考虑到相关工作的推进,结合大数据安全标准体系,提出了去标识化标准规范研究建议。 ",DSJU201705002
大数据安全能力实践,杜跃进:33923495|郑斌:37957977,8,大数据; 安全能力; 成熟度模型; 安全管理;,"安全的目的是为了保障发展,如何衡量一个拥有数据的组织的数据安全保护能力是十分重要的。探讨了拥有数据的组织面临的数据安全问题及挑战,介绍了大数据环境下的数据安全发展趋势和完整的组织级数据安全能力框架,阐述了数据安全保护能力实现的路径及实践过程中可能遇到的难点。最后,以某互联网金融企业为例,分析了利用数据安全能力成熟度模型指导企业进行数据安全保护能力建设的过程和方法。 ",DSJU201705003
开源大数据平台的安全实践,刘杰:37957978,7,大数据安全; 用户认证; 日志审计; 数字安全;,"开源大数据平台的安全机制目前并不特别完善,特别是用户认证、日志审计等方案还存在不少问题。分析了开源大数据平台存在的安全隐患,在开源Hadoop平台的基础上提出了基于Giaho的大数据平台用户认证机制和基于高效的日志审计方案,并结合百度公司的实际应用阐述所提技术方案的有效性。该技术方案具有一定的普适性,可根据企业当前技术环境灵活使用。 ",DSJU201705004
大数据及其隐私保护,方贤进:06151280|肖亚飞:37957979|杨高明:28192028,12,大数据; k-匿名; 差分隐私; 隐私模型;,"在对大数据进行发布或数据挖掘的过程中,隐私泄露是人们最关心的问题,但目前关于大数据隐私保护的研究还处在初级阶段。介绍了有关隐私保护系统的基础知识,包括数据参与角色与数据操作的定义,给出了隐私保护系统的数学描述与隐私度量方法,分析了隐私保护的数学模型,包括k-匿名模型与差分隐私模型。回顾了基于位置服务的隐私保护及其应用,总结了大数据时代隐私保护的挑战与机遇,指出了用于改进现有隐私保护方法的研究方向,以满足大数据前所未有的各种计算需求。 ",DSJU201705005
群智大数据:感知、优选与理解,郭斌1:15618550|翟书颖2:43073768|於志文1:09118006|周兴社1:00005751,13,移动群智感知; 群智大数据; 数据优选; 人机混合智能; 群体智能;,"移动群智感知是一种新的大规模感知模式,它利用随身携带的智能移动终端(智能手机、可穿戴设备等)形成大规模、随时随地且与人们日常生活密切相关的感知系统。通过广大用户参与获取的感知数据具有多模态、富内容、时空性、人本性等特征。以群智大数据为目标对象,就其感知、优选和理解等关键问题进行阐述和探讨,并对笔者在该领域的最新研究成果进行介绍。 ",DSJU201705006
基于新型存储的大数据存储管理,金培权:10335012,13,相变存储器; 大数据管理; 新型存储; 存储管理;,"如何高效地存储大数据并支持实时大数据处理与分析是大数据技术发展面临的首要问题。近年来,以相变存储器、闪存等为代表的新型存储为实现高效的大数据存储和管理提供了新思路。以相变存储器为代表的存储级主存技术为切入点,针对大数据存储与管理中的高效存储、实时处理等存在的挑战,讨论了面向新型存储的大数据存储管理研究现状,并对未来基于新型存储的大数据研究进行了展望。 ",DSJU201705007
基于电子病历的临床医疗大数据挖掘流程与方法,阮彤1:07529106|高炬2:37957980|冯东雷3:11494981|钱夕元1:07528569|王婷1:25753761|孙程琳1:34917048,16,医疗知识图谱; 临床专病库; 数据质量评估; 电子病历; 疾病预测; 疗效对比;,"以医院电子病历为核心的临床数据记录了病人的疾病、诊断和治疗信息。挖掘此类数据,可以辅助医生进行临床科研与临床诊疗。首先提出了临床大数据挖掘过程中碰到的各项难题,总结了临床医疗大数据挖掘的核心流程,流程包括以临床数据集成、基于知识图谱的临床专病库的构建过程、电子病历数据质量的评估方法以及以临床疗效分析与疾病预测为核心的临床医疗大数据应用等任务,进而对流程中的每个任务提出了解决方案,给出了实验结果。最后,展望了未来临床电子病历挖掘应用和技术的发展。 ",DSJU201705008
区域大数据发展水平评价方法,安晖:22143933|庄金鑫:37957981|李艺铭:31460504,7,大数据; 发展水平; 评价;,"落实国家大数据战略,推进大数据发展与应用,正成为我国地方政府的工作重点,迫切需要有针对性和可操作性的具体指导。在诠释开展区域大数据发展水平评价方法研究的意义和作用的基础上,分析了评价体系设计的基本要求,设计提出了一套具有创新性的""指标体系+评价机制""的综合评价方案,并提出下一步工作的方向和重点。 ",DSJU201705009
大数据发现非法传销网络, ,7, ,"<正>非法传销早在20多年前由美国流入中国,在国内一直是一个屡禁不止的毒瘤。最近,东北大学毕业生李文星之死使得这个问题再次成为所有人关注的焦点。正如魏泽西之于虚假广告,徐玉玉之于电信诈骗,李文星的意外死亡产生的影响使得在国内多地明火执仗,存在多年,甚至和本地人民""水乳交融""的传销组织突然面临前所未有的打击。最近,国家工业和信息化部更是联合国家工商行政管理总局、教育部、公安部、人力资源和社会保障部4个部门 ",DSJU201705010
流式大数据实时处理技术、平台及应用,陈纯:09318568,8,流式大数据; 流处理; 增量计算; 时序处理;,"大数据处理系统根据其时效性可分为批式大数据和流式大数据两类。上述两类系统均无法满足""事中""感知查询分析处理模式的需求。为此,从分析大数据应用场景入手,提出了""流立方""流式大数据实时处理技术和平台,在完整大数据集上实现了低迟滞、高实时的即席查询分析。目前基于""流立方""平台开发的业务系统已应用到金融风控反欺诈、机器防御等领域,具有广阔的应用前景。 ",DSJU201704001
导读,,1, ,"<正>大数据的发展和应用已经对政府、企业决策和人们的生活方式产生深远的影响。目前,各种大数据技术和系统层出不穷,大数据应用方兴未艾。然而,大数据系统之间缺乏有效的互操作手段,大数据的开放共享受制于安全与隐私方面的顾虑,大数据推广应用缺乏工程化的指南,这在很大程度上阻碍了大数据的发展。甚至大数据的定义、相关术语、分类、架构等方面也缺乏统一描述,各种大数据产品的技术 ",DSJU201704002
大数据标准体系,张群:33020795|吴东亚:33018056|赵菁华:33019071,9,大数据; 标准化; 参考架构; 标准体系;,"随着大数据的发展,标准化的内容越来越广,标准化的对象也越来越复杂。系统地分析了国内外大数据标准化工作现状,结合《促进大数据发展行动纲要》、中华人民共和国国民经济和社会发展第十三个五年规划纲要等国家战略以及大数据产业发展对标准化工作的需求,分析我国大数据标准化工作面临的问题,描述了大数据参考架构,提出大数据标准体系框架,给出了未来的工作建议。 ",DSJU201704003
ISO/IEC JTC1/WG9大数据国际标准研究及对中国大数据标准化的影响,光亮1:37498067|张群2:33020795,9,大数据标准; 国际标准; 大数据参考架构;,"ISO/IEC JTC1/WG9是制定大数据基础性国际标准的官方组织,WG9在研的大数据术语和参考架构等国际标准和相关技术报告对中国的大数据标准有重要的指导和借鉴意义。简要介绍了WG9工作组的构成、在研的国际标准和技术报告项目,阐述了WG9标准在大数据国际标准体系中的地基性位置。对比了WG9国际标准和中国大数据标准体系的关系,论述了WG9国际标准对中国大数据标准工作的意义和价值。给出了参与WG9标准工作组的建议。 ",DSJU201704004
数据管理能力成熟度模型,李冰1:35995988,8,大数据; 数据管理; 能力成熟度;,"为促进大数据产业持续深入发展,提高政府、企事业单位大数据资产管理意识,借鉴国内外成熟度相关理论思想,结合数据生命周期管理各个阶段的特征,对数据管理能力进行了分析、总结,提炼出组织数据管理的八大过程域,并对每项能力进行了二级过程域和发展等级的划分以及相关功能介绍和评定标准的制定。 ",DSJU201704005
大数据平台的基础能力和性能测试,"姜春宇1,2:35803143|魏凯1,2:35802747",9,大数据; 大数据技术标准化; 大数据产品评测; 数据; 负载;,"目前整个大数据技术还处于以开源方式为主导、多种技术并存的阶段。开源技术催生了大量的商业发行版大数据平台软件,大数据企业级市场竞争加剧,如何测试和评估这些大数据平台软件成为新的研究主题。简要地介绍了大数据技术发展的背景以及大数据技术标准的需求,综述了国际大数据平台标准化和评测的现状,详细介绍了数据中心联盟在大数据平台技术标准化和测评方面的实践,最后总结了当前工作的问题,并展望了下一步大数据技术和评测的发展方向。 ",DSJU201704006
面向特定领域大数据平台架构及标准化研究,林旺群:30803209|高晨旭:34115374|陶克:37498068|邓波:11584695|包阳:17355924,14,特定领域大数据; 参考架构; 标准体系;,"分析了与国家民生和安全密切相关的特定领域的大数据发展现状,介绍了大数据标准研究的相关工作。研究了特定领域大数据的特点和现实需求,给出了适合这些领域大数据建设的参考架构,结合大数据主流技术和基础平台,详细分析了特定领域大数据参考架构的不同部件。考虑大数据未来技术发展,梳理了面向特定领域大数据标准体系发展脉络,提出了相应的大数据参考标准体系,为面向特定领域大数据相关体系架构和标准化建设提供技术参考。 ",DSJU201704007
物流大数据标准及案例研究,蒋凡:36439127,7,城市物流; O2O; 大数据; 标准化;,"介绍了在城市物流配送领域的数据化和智能化改造过程中,如何面对大数据标准化的挑战,并从调度系统和开放平台两方面入手,提出了提高单次配送效率和节省多次配送成本的标准化解决方案。案例为物流大数据标准化技术提供了可供参考的分析思路、实施案例和创新经验。 ",DSJU201704008
工业大数据技术与架构,"郑树泉1,2:23842024|覃海焕3,2:33068410|王倩1,2:29349376",14,工业大数据; 架构; 智能制造; 工业云; 工业互联网;,"工业大数据是工业企业的重要资产,是企业实现转型升级的核心要素。分析了工业大数据的主要来源及其特点,给出了一种工业大数据参考架构,从生命周期与价值流、企业纵向层和IT价值链3个维度,讨论了企业实现基于工业大数据的价值创新和企业转型的典型应用与业务价值创新、企业各层所需部署的信息(物理)系统以及指导工业大数据应用落地的业务架构、信息系统架构和信息技术架构,最后分析了一种工业大数据典型应用案例的架构与技术,验证了所提架构的有效性。 ",DSJU201704009
海洋大数据关键技术及在灾害天气下船舶行为预测上的应用,王冬海:44249044|卢峰:44249143|方晓蓉:44249144|郭刚:44249145,10,海洋大数据; 机器学习; 船舶行为预测;,"随着海洋数据量的爆炸式增长,海洋大数据受到越来越多的关注。主要分析和总结了当前海洋大数据的研究现状和关键技术,聚焦了机器学习在海洋大数据中的模型预测研究的实例,对海上船舶在灾害天气(台风)下的行为进行了回归训练和预测。通过构建和对比决策树、Bagging、随机森林等多种机器学习算法,对样本数据进行学习、预测和检验评估。最终结果表明,随机森林方法在灾害天气下船舶密度的预测应用中具有良好和稳健的效果。 ",DSJU201704010
大数据价值期望探讨,王崇骏:08042907,13,大数据; 数据科学; 价值期望;,"各边利益主体对大数据价值的共同期盼,引发了社会各界对大数据的普遍关注。不同利益主体的自有利益使然,各边的价值期望是不同的,但这些迥异的价值期望恰恰都是大数据价值实现的目标。尝试从大数据的多边定义和理解出发,梳理不同研究视角的相关研究以及不同利益角色的价值期望,介绍了相关研究及产业化现状,并给出了实践可行的方法、思路和策略。 ",DSJU201704011
预测的局限性,,5, ,"<正>1引言从几千年前的巫祝开始,人类从来没有放弃过预测未来的追求。只不过那个时候的预测,往往是基于极其朴素的世界运行的原理,例如以水为万物生长和运动之源的泰利斯假说和以对立、协同、转换为核心的阴阳学说;又或者一些重大事件之间的偶发联系,例如某一次日食后出现了持续数月的大旱。从现代的观点来看,那不过是人类卑微理性在无常自然面前无畏的挣扎罢了。 ",DSJU201704012
导读,,1, ,"<正>一直以来,我国政府、学术界、产业界对政府面向社会治理和社会服务大数据的创新应用给予了高度重视。当前,我国绝大多数城市都在进行""智慧城市""的规划和建设,其核心也是要解决政务大数据的开放共享问题,以政务大数据的开放共享平台建设为抓手,围绕数据提供方、资金提供方以及应用开发方等,打造围绕政府数据开放的产业生态,从而提供更加丰富的社会服务。我们也期待有更多的创新性成果服务于我国政府数据的开放共享,进一步 ",DSJU201703001
“云治理”设想,曾琛:37090783,12,政府服务; 区块链; 智能合约; 全知系统; 公民账户;,"""云治理""是指在信息技术、海量数据和互联网思维时代背景下的社会治理。提供了一个全知系统的框架,以满足""云治理""背景下政府为民众提供更好社会服务的需求,并着重介绍了作为系统核心的区块链网式数据库的设计。这种数据库不仅能减少人为因素造成的数据失真,还能运行智能合约,减少政府运营日常事务的人力成本。 ",DSJU201703002
基于大数据的税收经济分析和预测探索,谢波峰:10375342,10,税收经济分析; 税收预测; 大数据;,"在现有的税收经济预测理论和实践当中,大数据的出现为理论的完善和实践的发展提供了契机。总结了目前税收经济领域的主要研究进展,归纳概括了大数据在税收经济分析和预测中的特点和主要特征,并针对我国税收经济分析和预测的大数据应用提出了若干设想和展望。 ",DSJU201703003
大数据与公共安全治理,徐晔1:40549886|张明1:40549888|黄玲玲2:40467252,8,大数据; 公共安全; 治理;,"大数据时代下日益复杂多变的公共安全形势为维护国家公共安全提出了更高的要求。深入研究利用大数据技术推动公共安全治理,对维护我国公共安全环境具有十分重要的意义。分析了当前我国公共安全形势和维护公共安全面临的挑战以及大数据时代公共安全治理的现实状况,阐述了我国公共安全治理面临的困境,提出需依托大数据技术在治理能力、技术手段、思维方式、新领域4个方面推动公共安全治理创新。 ",DSJU201703004
大数据服务三农的初步分析与探索,孙忠富:10539712|褚金翔:10607082|马浚诚:36786333|杜克明:10656400|郑飞翔:29527303,11,农业大数据; 智慧农业; 物联网; 云计算;,"三农问题是当前中国密切关注的社会问题,大数据技术的发展为三农带来了新的机遇。首先,对大数据推动智慧农业发展的作用进行了深入分析,总结了农业大数据的基本特征、内涵及发展趋势,分析了大数据对解决三农问题的推动作用。其次,综合阐述了农业大数据发展瓶颈和主要问题,包括数据获取能力不够、系统性不强、数据挖掘与分析技术落后、数据质量控制与安全管理难度大等。最后,提出了大数据服务三农的途径,主要包括强化政府引导与推动、强化大数据技术创新等。 ",DSJU201703005
面向共享的政府大数据质量标准化问题研究,洪学海1:11039177|王志强2:09504526|杨青海2:22168332,9,政府大数据; 主数据; 产品数据; 数据质量; ISO 8000;,"回顾了国内外数据质量研究与实践的进展,重点对ISO 8000数据质量国际标准提出的数据质量框架、主数据质量、事务数据质量和产品数据质量进行了探讨,对面向共享的政府大数据质量标准化的方法和测度理论进行了研究,最后对我国政府进行大数据质量控制及其标准化建设提出了建议。 ",DSJU201703006
交通大数据:一种基于微服务的敏捷处理架构设计,杜圣东:24891473|杨燕:09183035|滕飞:22384183,15,敏捷大数据; 微服务; 大数据架构; 容器; 大数据融合;,"面对智慧交通广泛的大数据应用场景和技术需求,一般大数据系统难以适应多种处理情况并做出快速响应。针对这一问题,首次提出了敏捷大数据方法论,对其概念、处理流程、核心原则与关键技术等进行了研究和探索。基于数据科学迭代性本质,设计了面向微服务的敏捷大数据架构,对交通大数据微服务化、交通大数据融合等关键环节进行了详细设计和论述。敏捷大数据架构的提出为交通大数据环境下的高效、灵活数据挖掘和机器学习提供了新思路、新方法。 ",DSJU201703007
收益管理中基于大数据仓库的需求无约束估计:框架与挑战,郭鹏:33052586,16,收益管理; 需求预测; 无约束估计; 数据仓库; 大数据; 商务智能; 情感分析;,"现有需求无约束估计方法均为基于公司内部数据仓库中所获需求信息而开发,在当前基于大数据分析的激烈竞争市场环境中,无法满足收益管理系统日益增长的实时需求预测和优化决策分析需要。为了实时、动态地同时获取并分析内部和外部数据资源中有关每位顾客的无约束需求数据,包括结构化和非结构化的信息,提出了以面向收益管理需求无约束估计为主题的大数据仓库框架,并据此讨论了无约束需求知识挖掘以及需求无约束估计商务智能分析工具开发应用过程中面临的各项挑战。 ",DSJU201703008
从点状应用到大数据统一平台,钱岭:45107008|孙少陵:45107009|石在辉:45107010,10,大数据统一平台; BI+; Hadoop; 集中化经营分析系统;,"企业在大数据引入过程中,由于平台技术不成熟、缺乏统一技术架构、组织架构不适应等问题,形成了应用竖井和复杂的系统混搭结构,造成了资源利用率不均、数据重复存储、运维成本高、难以形成企业级数据共享等问题。目前大数据平台技术已经逐步成熟,大数据统一平台逐步成为企业分析系统的核心。深入分析了企业级统一大数据平台的整合思路,从管理、业务和技术3个层面入手,分别从组织架构体系建设、大数据平台运营流程重构与实施、大数据平台技术规划与实现等角度提出对策建议。最后,给出中国移动在统一大数据平台整合方面的实践经验。 ",DSJU201703009
电信大数据在信用风险管理中的应用,刘新海1:30824767|韩涵2:35803309|丁伟3:34641754|王题3:30375714,9,电信大数据; 信用风险管理; 信用评分; 可替代数据; 数据共享;,"电信大数据是非常好的可替代数据源,用于消费者的信用评估。同时信用风险管理也是电信运营商日常的一个重要工作。介绍了消费者信用评分在电信信用风险管理中的应用,对电信大数据作为重要的替代数据在金融授信中的应用进行了案例分析,对国内电信大数据如何在信用风险管理中发挥作用,提出了专业的建议和展望。 ",DSJU201703010
开放政府环境下医药公司与医生之间的价值转移,那旭:31918589|郭海红:25783275|李姣:29166526,9,数据共享; 医药公司; 医生; 价值转移;,"医药公司与医生之间价值转移引起的潜在利益冲突能够显著影响临床护理、研究结果和医生临床决策。为了提升医生和医药学行业之间价值转移的透明度,从数据资源、开放共享情况、价值转移类型界定和数据开放政策保障4个方面介绍美国开放资助项目和英国信息披露数据共享的基本情况以及国际上应用价值转移资助数据共享开展的应用研究情况,讨论了数据共享的特色与存在的问题,提出了对我国医药公司开放资助数据行动的启示。 ",DSJU201703011
Talent Network:一个基于设计思维的企业社交网络服务,夏帆1:31833642|丁铖1:37115233|钱卫宁1:22305996|周傲英2:21917016|Gopakumar Gopalakrishnan3:37115234|Anjaneyulu Passala3:37115235,5, ,"<正>1引言随着互联网技术的发展,越来越多的企业采用开放架构和开源软件,利用云服务或自建团队进行信息化建设。在这样的大背景下,传统的以服务外包为主要业务的信息技术服务面临着技术提升、管理变革、服务转型等一系列的新挑战。从业务角度看,原先的以""one size ",DSJU201703012
专题:大数据管理与分析,,2, ,"<正>导读大数据为什么这么""火""?不是因为数据量的""大"",也不是因为大数据处理技术的""新"",最根本的原因是大数据蕴含的巨大价值。大数据作为一种新的科研方法,已经在数学、物理、工程乃至社会及经济等领域展示了其独特的魅力。大数据分析作为一种工具,广泛用于辅助各行各业的决策。 ",DSJU201702001
感悟大数据——从数据管理和分析说起,周傲英:21917016,16,大数据; 数据库理念; 互联网+; 分享型数据库;,"大数据依然很热,对其解读也越发众说纷纭。结合笔者长期以来的研发经历和深层思考,讨论了对""大数据""本身、""大数据""国家战略、""互联网+""行动计划的理解。在大数据语境下重提数据库理念,说明这对于理解数据管理的发展趋势、把握技术发展的机遇有着重要的意义。此外,从一个资深的IT学者和实践者的角度,讨论近10年来IT发展范型的变化,介绍了近5年来笔者领导研发的3个数据管理系统,提出了分享型数据的概念,作为区块链背后的基本思想的抽象。 ",DSJU201702002
大数据的价值发现方法,"杜小勇1,2:09746797|陈跃国1,2:24543793",7,大数据; 价值发现; 数据服务; 数据分析; 数据探索;,"大数据的价值有不同的体现形式和发现价值的途径。总结了从大数据中发现价值的3种基本途径:数据服务、数据分析与数据探索,并对它们的特点进行了分析和对比。数据服务通过提供高性能和高并发的数据访问从微观层面体现数据价值;数据分析侧重利用统计模型的方法在宏观层面上对大数据进行处理,通过产生数据洞察的形式体现数据价值;数据探索侧重通过交互模型在微观和宏观的不断变换,引导用户浏览和发现数据的价值。 ",DSJU201702003
开发商业智能应用 小心大数据“陷阱”,黄锦辉:09209372,5,大数据; 自然语言处理; 社交媒体; 数据处理;,"大数据的应用和研究是信息爆炸时代的热点话题。就如何更智能地发现大数据中的有用信息展开讨论,探讨了大数据中的""陷阱""和其引发的社会危害,提出一种面向社交文本的智能应用系统,以有效规避大数据中的""陷阱""并自动提取有用信息;基于提到的框架,展示了笔者研究组近些年在社交媒体上的事件检测、自动摘要和谣言检测方面的研究成果。 ",DSJU201702004
让大数据分析更可信,王腾蛟:06260341|李喜莲:36680887,7,大数据; 数据仓库; 海量数据; 大数据工程;,"大数据在学术界和产业界的各个领域正扮演着愈加重要的角色,但同时,大数据是否可信,引发了无数研究者的广泛关注和激烈讨论。从大数据名称的历史演变、大数据应用的案例分析以及大数据工程的角度探索大数据的可信程度,并由此总结出保证大数据分析正确性需要解决的3个挑战:正确选择数据源、科学抽样有代表性和有价值的数据、严谨完备的大数据工程分析方法。 ",DSJU201702005
社交网络分析在公共安全领域的应用,,7,社交网络分析; 公共安全; 犯罪团伙;,"社交网络分析技术是一种通用有效的研究社会人员之间复杂关系模式的方法。以公安领域为背景,首先介绍了社交网络分析理论,然后详细阐述该技术在公安领域的3个应用案例,包括犯罪团伙挖掘、核心成员识别和串并案挖掘,以期为读者了解社交网络分析技术在公共安全领域的应用提供帮助。 ",DSJU201702006
深度学习在化学信息学中的应用,徐优俊:36680888|裴剑锋:06268464,22,深度学习; 人工智能; 定量构效关系; 化学信息学;,"深度学习在计算机视觉、语音识别和自然语言处理三大领域中取得了巨大的成功,带动了人工智能的快速发展。将深度学习的关键技术应用于化学信息学,能够加快实现化学信息处理的人工智能化。化合物结构与性质的定量关系研究是化学信息学的主要任务之一,着重介绍各类深度学习框架(深层神经网络、卷积神经网络、循环或递归神经网络)应用于化合物定量构效关系模型的研究进展,并针对深度学习在化学信息学中的应用进行了展望。 ",DSJU201702007
应用驱动的大数据融合平台建设,孟祥飞:27173539|冯景华:27173541|赵洋:27837069|夏梓峻:36680889,11,大数据融合平台; 应用驱动; 超级计算; 云计算;,"论述了大数据在信息社会发展中的核心地位和对信息技术创新的全方位驱动;重点阐述了应用驱动的大数据和超级计算、云计算融合平台层次结构,在物理设施、系统软件、管理体系几个方面系统介绍了该融合平台的体系架构和实现;同时,也以生物基因、气象与空气污染为典型应用具体介绍了平台应用实现;最后结合大数据发展和融合平台建设,形成了一些如何推动大数据产业发展的思考,为政府和产业领域等提供参考。 ",DSJU201702008
基于校园一卡通数据好友发现及应用,鲁鸣鸣:31158970|张丹:10475286|王建新:10157613,14,社群发现; 相遇模型; 线下社交关系;,"教育大数据是近年来的研究热点。利用分布式文件系统对校园一卡通数据进行存储、预处理和分布式计算。在此基础上,提出学生生活轨迹中的相遇模型,从而挖掘学生线下社交关系。为了区分熟悉的陌生人和真正的好友,从单个学生和整个班级两个角度分析学生线下相遇行为,既可以挖掘好友关系(包括比较孤立的学生),又可以为校园班级社群管理提供数据支撑。实验结果表明,挖掘出的社交关系比较符合实际情况。 ",DSJU201702009
税务大数据分析的技术和典型应用, ,12,税务; 大数据; 技术架构; 数据分析; 融合创新;,"基于某省税务局大数据分析项目的实践,结合税务机关的信息化建设现状和业务特点,说明了如何搭建适合于税务业务应用的大数据分析平台,并结合具体的应用案例,说明运用大数据开展业务应用的过程、建模方法和数据处理方法。通过对比大数据与传统信息化建设方式的差异,说明大数据将为税务机关的信息化建设带来全新的突破,提供更为有力的业务创新手段。 ",DSJU201702010
大数据的若干基础研究方向,"朱扬勇1,2:06710346|熊贇1,2:24529592",11,大数据; 数据科学; 大数据基础; 数据资源;,"大数据问题的关键技术挑战在于:找到隐含在低价值密度数据中的价值;在希望的时间内完成。指出前者需要将领域知识和数据技术结合,这种结合的理论和新型算法构成大数据的分析基础和应用基础;后者需要设计新的计算机、集群体系、计算框架、存储体系和数据管理方法,这些构成大数据的计算基础和数据基础。另外,这两个挑战都涉及数学理论,这是大数据的数学基础。系统地分析了大数据的数学基础、计算基础、数据基础、分析基础和应用基础等基础研究方向。 ",DSJU201702011
大数据时代的人才推荐系统,"洪文兴1,2:15624905|王宁3:28882547|陈毅伟4:36684808|周绮凤1:09225559|李涛5,6,7:08770190",6, ,"<正>1人才推荐系统的应用背景随着Web 2.0技术的发展,越来越多的求职者在互联网上寻找就业机会,企业选择在招聘网站发布职位网罗人才。目前流行的招聘网站按照其应用的技术大致可以划分为5类(如图1所示):传统信息门户类、职业社交类、推荐类、垂直行业类以及 ",DSJU201702012
大数据精细化销售管理、数据分析与预测,,1, ,"<正>出版社:人民邮电出版社定价:49.80元作者:刘星出版时间:2016.11名企高管15年智慧结晶,教你如何运用大数据轻松实现销售目标本书卖点>>>>1实操性的大数据应用宝典的出版,顺应了形势和企业的需求。2企业在营销过程中要学会利用大数据使程序化营销方式变现。3本书特别讲授销售计划的制定、跟踪、调整及管理,通过对大数据的收集、分析、为企业真正实现精细销售管理。 ",DSJU201702013
5G无线网络及关键技术,,1, ,"<正>本书全面讨论了5G移动通信无线网络架构和相关关键技术,内容涵盖5G网络发展与业务需求、5G网络架构、5G智能无线网络架构、无线网控制承载分离技术、多制式协作与融合技术、5G网络资源管理、移动边缘计算、无线网络虚拟化技术、频谱共享技术等不同层面。本书可供具有一定移动通信技术基础的专业技术人员或管理人员 ",DSJU201702014
中国科学院科学数据云建设与服务,黎建辉:10348230|周园春:09596132|胡良霖:10348228|刘峰:09596109|朱艳华:28697525|沈志宏:11119612|吴章生:33533592|张杨:36060544,11,科学数据; 数据平台; 数据共享服务; 服务成效;,"科技数据资源整合与共享工程是中国科学院""十二五""五大信息化工程之一。总结了该项目的整体建设思想、建设情况、技术创新和服务创新等内容。截至项目结束,数据工程建成了存储容量达52 PB的分布式海量存储环境;整合可共享科学数据总量近655 TB,累计访问人次9 629万次,累计下载量456 TB;同时为用户提供强大的科学数据与文献互联以及丰富的可视化展示平台。工程实现了以基础设施云服务、科研数据云服务、数据应用云服务为主体的多层次、交叉式信息化服务体系,逐渐建设形成共享开放、服务创新的国家级科技数据中心。 ",DSJU201606002
大规模分布式科学数据管理与服务技术架构及系统,刘峰:09596109|陈昕:30322382|黎建辉:10348230|刘昂:34804191|韩芳:34804190,11,科学数据; 科学数据管理; 资源服务系统; 分布式服务; 服务框架; 技术架构;,"随着信息化进程的发展,大规模分布式多源异构科学数据的管理和应用问题凸显,如何有效地实现分布式数据的管理、整合、服务,成为推动科研与应用的共性需求和必要手段。深入分析核心需求和关键问题,对服务体系进行了系统化的顶层设计,提出一套面向大规模分布式科学数据管理与服务的技术架构,从自治管理、整合管理、集成服务3个层级对服务体系进行了组织和规划,并建设了完备的服务平台和软件体系,为科学数据的管理与服务提供了从管理到应用的一体化解决方案。 ",DSJU201606003
科研数据的开放:进展、模式与新探索,张丽丽:36060545|黎建辉:10348230,9,科研数据; 数据开放; 数据共享; 数据出版;,"明确了科研数据的概念和分类,从原则、政策、技术、配套措施等方面总结了科研数据开放的当前进展,并将科研数据开放主要概括为自上而下的开放模式、横纵联合的开放模式与自下而上的开放模式3类。进一步分析指出,科研数据开放需要在强有力的行政力量支持下,配套更多的激励措施,调动数据拥有者的参与意愿。作为推动研究数据共享的一种有效形式,研究数据出版提供了可行方案,以《中国科学数据》为例,阐释了数据期刊在推动科研数据出版中的积极实践及其战略意义。 ",DSJU201606004
支持植物学大数据整合与公众服务的iFlora云平台建设,王亚楠:31259745|庄会富:23539488|王雨华:13616913,9,iFlora; 植物学; 大数据; 数据整合; 公众服务;,"提出了""i Flora—大数据云平台""的建设计划,从可行性和必要性角度出发,介绍了该数据平台的数据需求和初步的工作基础,提出了较详细的建设思路,综述了其应用前景。该平台以""中国植物物种""为核心,从物种名称、文献、图片、DNA、标本、地理分布、种质资源、栽培和价值等角度整合国内外多维度的数据资源,全面整合植物生物多样性宏观、微观各个层面的科学数据。在系统架构上,采用资源层、接口层和服务层的框架完成数据资源的汇集、整合和管理。在服务模式上,开发和开放系统接口,多种方式服务于科学研究、政府决策以及公众科普认知。 ",DSJU201606005
面向国际的生命组学大数据管理体系建设,赵文明:27003564|张思思:36064763|唐碧霞:36034224|陈婷婷:34516808|郝丽丽:32004267|桑健:36064764|李茹姣:36064765|肖景发:23297588|章张:36064766,10,组学数据; 大数据; 数据共享; 生物信息学; 基因组;,"组学数据是生命科学研究中的一类极其重要的大数据,特别是二代测序技术的发展推动了组学大数据的爆炸式增长。通过借鉴国际数据中心建设的成功经验,分析国内组学产出数据及数据库建设、数据管理现状及应用需求,构建了面向国际的生命组学大数据管理体系,涵盖组学原始序列归档库、基因组序列数据库、基因表达数据库、基因组变异数据库、DNA甲基化数据库系统等,初步形成中国组学数据资源的存储、共享与应用体系。 ",DSJU201606006
众包模式在大规模遥感影像信息提取领域的探索,"赵江华1,2:32655752|王学志1:27743357|林青慧1:29700113|黎建辉1:10348230|周园春1:09596132",12,遥感影像; 信息提取; 众包; 地理空间数据云;,"基于地理空间数据云平台,对基于众包的大规模遥感影像信息提取模式进行了研究,提出了一套完整的流程体系,并通过多时期的青藏高原湖泊提取任务对模式的报酬发放机制、任务分配方式、任务划分方法、人才激励等领域进行了探索和完善。实验结果表明提前支付部分报酬并采用小组的方式,对提高数据质量和控制并没有很大影响,而积累人才对获取高质量的数据结果很重要。由于该模式集成了众包和机器计算能力,且对遥感影像处理是通用的,因此可用于更多的需要人工参与的海量遥感影像处理工作中。 ",DSJU201606007
21世纪天文学面临的大数据和研究范式转型,张彦霞:11412411|崔辰州:10937875|赵永恒:10716153,10,天文大数据; 天文信息学; 天文统计学; 巡天;,"随着大型空间和地面观测技术的发展,天文数据的数据量、数据产出率和数据复杂性急剧增加,天文学步入了全新的数据密集型时代。阐述了天文数据的特征,分析了传统天文研究方法的局限性,提出了发展天文统计学和天文信息学的必要性和研究方向,介绍了天文大数据的典型应用——大型综合巡天望远镜的工作原理及应用,归纳了与天文统计学和天文信息学相关的国际组织,分析了与其相关的公共教育的现状及存在的问题,为天文大数据的健康发展提供参考方向。 ",DSJU201606008
SKA数据中心云平台方案的概念性研究,王玲玲:09582090|劳保强:32684233|陆扬:34615726|伍筱聪:32107795|郭绍光:28117766,8,平方公里阵列; 云计算; 数据中心; 私有云;,"针对平方公里阵列(SKA)望远镜数据中心海量数据存储和管理的要求,结合当前云计算和大数据技术的发展趋势,对SKA数据中心的云平台方案进行了研究。调研了有关业界的发展状况,对建设数据中心""私有云""进行了前期的一系列尝试,将具体的天文处理软件部署到云平台并进行初步测试。 ",DSJU201606009
大数据时代空间科学领域的科研信息化实践与成果,邹自明:30334034|佟继周:30480271|熊森林:36060547|胡晓彦:31694505|纪珍:36060548,14,空间科学; 大数据; 科研信息化; 空间科学虚拟观测台; 日地空间系统研究网络;,"随着人类对空间探索的拓展以及对空间认知的加深,空间科学探测大工程任务相继推进、实施,催生了空间科学领域大数据时代的到来。描述了国外空间科学科研信息环境建设的情况,重点介绍了中国空间科学数据中心在科研信息化项目中建设的大数据应用环境——空间科学虚拟观测台(VSSO)和云环境中的空间科学综合应用平台——日地空间系统研究网络(STAR-Network)所具备的服务功能以及其取得的服务成效。 ",DSJU201606010
基于大数据的移动互联网主动运维理论和实践进展,杨慰民:11600370,13,移动互联网; 大数据; 用户感知; 性能分析; 主动运维; 五元五阶; 样本空间置换;,"对于非话音的移动互联网业务,即使网络指标是完好的,仍然存在用户感知不佳的现象。基于大数据技术研究用户感知和网络性能指标的关系,提出基于样本空间置换的五元五阶模型实施主动运维,先于用户投诉发现并解决感知不佳问题。相比传统的运维模式,主动运维模式以网络性能管理为基础,能快速发现网络中各节点之间的性能失衡、趋势异常等隐性问题。运维人员根据分析结果主动出击,在故障发生前精确优化,降低成本,提升网络质量及客户满意度。 ",DSJU201606011
情境大数据建模及其在用户行为预测中的应用,吴书:30875421|刘强:33466902|王亮:11533817,8,情境大数据; 情境建模; 用户建模; 行为预测;,"随着大数据时代的到来,信息系统收集了海量情境信息,如舆情信息、环境信息、经济信息等。这些情景大数据提供丰富的细节信息,更细致地刻画行为背景以辅助用户行为建模。阐述了两种使用表达学习策略建模一般化情境信息的框架,并针对情境大数据中最常见的时序情境建模问题,使用循环神经网络建模时序情境中的序列依赖关系。 ",DSJU201606012
数据产品在线定制平台的探索实践,张峰1:17703645|孙宗哲2:36008276|OCHORA Dennis Reagan2:36060549|刘建楠3:35610555|宋杰2:10741674,11,云计算; 大数据; 数据分析算法接口; 数据即服务; 数据产品定价;,"大数据时代,研究机构与企事业单位拥有海量的科学或产业数据(包括海洋、气象、地质、石油化工等行业的数据),可为客户提供分析后的数据产品。目前,这些机构尚未形成服务化的数据产品提供方式。分析了现有数据产品平台的缺陷与挑战,提出了数据产品在线定制平台的需求,设计了平台的体系结构,并对研究平台的服务化数据分析算法接口、数据安全性和隔离性保障、数据产品定价模型进行了详细探索实践,最后给出了在线定制平台的应用示例描述。 ",DSJU201606013
俄罗斯跨境数据流动立法规则与执法实践,何波:35803127,6,跨境数据流动; 本地化存储; 数据立法; 监督检查;,"伴随着全球数字经济的迅猛发展,跨境数据流动监管越来越成为各方关切的焦点,俄罗斯出于安全考虑成为对跨境数据流动严格限制的代表国家。从俄罗斯数据管理法律框架出发,重点梳理了其跨境数据流动管理规则的立法变迁,分析了强力推行数据本地存储的原因,并考察了该规则的实施效果和监管机构的执法检查情况。最后,提出了对中国跨境数据流动管理的启示和建议。 ",DSJU201606014
产业生态的4个特征,赵国栋:35610556,4, ,"笔者语:无论是选择公司的战略,还是推出国家的经济政策,产业生态都是一个至关重要的概念。它打破了通常意义上""行业""的边界,不同的行业借助大数据完美、高效地融合在一起,是未来经济发展的主引擎。因此,企业家审视公司战略的立足点,不再是自身孤立的、单一的企业,而需要从自己所处的产业生态出发;同样地,政府制定公共经济政策,也不能割裂地看待不同的行业,而是需要从产业生态内的相互依存、相互促进的特征出发,通盘考虑。这也是中华民族""不谋全局者不足谋一域,不谋万世者不足谋一时""的古老智慧在产业发展领域的具体实现。 ",DSJU201606015
“第四届中国计算机学会大数据学术会议”在兰州隆重召开,,1, ,"<正>2016年10月11—13日,中国计算机学会(CCF)主办的第四届CCF大数据学术会议(CCF Big Data 2016)在甘肃省兰州新区隆重召开。会议由中国计算机学会大数据专家委员会、兰州大学和甘肃兰州新区联合承办。来自全国各地的大数据领域专家、学者、企业代表和学生等500余人出席了本次会议。本次会议邀请了西安交通大学徐宗本院士、华东师范大学周傲英教授、悉尼科技大学操龙兵教授和西南大学章乐教 ",DSJU201606016
导读,,1, ,"<正>在""全民谈数""的大数据时代,生生不息的数据既远在天边,又近在眼前。这些数据展现给人们的,既有无穷的价值魅力,也包括应接不暇的数据爆炸窘境。为此,数据分享持续成为有意义的讨论话题。为了更好地支持数据分享,数据设施建设尤为重要。所谓数据设施建设,并不仅局限在传统的硬件装备,还包括在此基础上的软件平台研发乃至数据治理活动本身,其重点在于强调数据的透明性、可访问性、公开服务、有效创新与社会服务的重要性。在科研数据的建设与共享发展中,来自中国科学院的科研数据积累与管理工作已持续多年,其中较为典型的""科学数据库"" ",DSJU201606001
《大数据》2016年(第2卷)总目次,,9, , ,DSJU201606017
“大数据标准”征稿通知,,1, ,"<正>""大数据""不仅仅是一代新的信息技术的代名词,也是解决复杂问题的一种新方法。大数据的发展和应用已经对政府、企业决策和人们的生活方式产生深远的影响。目前,各种大数据技术和系统层出不穷,大数据应用方兴未艾。然而,大数据系统之间缺乏有效的互操作手段,大数据的开放共享受制于安全与隐私方面的顾虑,大数据推广应用缺乏工程化的指南,在很大程度上阻碍了大数据的发展。甚至大数据的定义、相关术语、分类、架构等方面也还缺乏统一描述,各种大数据产品的技术要求也不尽相同。标准化无疑是解决上述困境的有效手 ",DSJU201606018
导读,武永卫1:08183224|刘克2:12430215,2, ,"<正>海量、异构和混杂大数据的广泛存在与爆炸式增长给信息传输、存储、计算以及面向各种应用的数据处理技术提出了前所未有的挑战。如何突破传统研究方法的思维定式,研究和发展革命性的、可满足时代需求的大数据传输、存储、计算和处理的新方法和新技术,是当前全球研究热点。2014年前后,国家自然科学基金委员会支持了一批大数据重点项目,产生了一批研究成果。本刊将分两期 ",DSJU201604001
大数据时代的简约计算,张家琳:35607895|孙晓明:35582424,10,时间复杂性; 空间复杂性; 关系复杂性; 数据复杂性;,"大数据存储和分析的能力是未来创新型国家的核心战略能力。当前关于大数据的理论研究在共性问题提炼、方法论框架和实时数据算法理论上仍存在一些不足,从大数据""海量、实时、多样""三大特征出发,聚焦网络大数据这一对象,以数据复杂性的度量和约简作为主线,具体从网络链路预测及推荐、动态演化网络上的算法研究、网络小世界模型与信息传播3个问题出发,研究大数据在时间、空间和关联关系上的简约计算。 ",DSJU201604002
面向大数据的粒计算理论与方法研究进展,"梁吉业1,2:08408575|钱宇华1,2:08454095|李德玉1,2:08401294|胡清华3:28840286",11,大数据; 粒计算; 数据挖掘; 信息粒化; 多粒度;,"大数据的规模性、多模态性与增长性给传统的数据挖掘方法带来了挑战。粒计算作为智能信息处理领域中大规模复杂问题求解的有效方法,探索大数据分析的粒计算理论与方法有望为应对这些挑战提供新的思路和策略。瞄准若干大数据挖掘任务,对数据粒化、多粒度模式发现与融合、多粒度/跨粒度推理等方面取得的一些进展进行梳理和剖析,并针对天文数据挖掘和微博数据挖掘两个典型示范应用领域的初步研究进行了总结,以期为大数据挖掘领域的研究做出有益的探索。 ",DSJU201604003
分布式协商:建立稳固分布式大数据系统的基石,"陈康1,2,3:08225235|黄剑1:08168830|刘建楠4:35610555",12,分布式协商; 副本状态机; 网络错误; 安全性; 活跃性;,"分布式协商的目的是在分布式环境下在一组进程之间决定一个共同的值,这是在分布式系统中最基本的问题。分布式协商问题的目标非常简单,但是在面对节点出错、网络出错、网络时延等环境的时候,协议设计以及处理起来十分困难。讨论分布式协商问题的基本形式,在不同的系统假设下的基本结果以及分布式协商在构建稳固的分布式大数据系统中的作用。 ",DSJU201604004
大数据应用系统的消息驱动架构,贵芳1:35607896|李廉1:22173972|杨静1:07063040|武永卫2:08183224,13,大数据应用系统; 消息驱动架构; 消息管理模块; 多用户; 动态演化编程;,"基于消息驱动框架的软件开发成为大数据应用系统的重要模式之一。基于面向实体、消息驱动的开发架构,设计并实现了该架构中的消息管理模块。定义了消息基本格式,制定了消息管理规范,并且具体实现了其功能,通过一个案例显示了该架构的优点。 ",DSJU201604005
突发大数据在存储辅助光电路交换网络中的传输,李超:08568549|林霄:09596813|孙卫强:10561935|胡卫生:00119138,8,大数据传输; 辅助存储; 突发业务; 光电路交换;,"电路交换网络交换粒度较粗,在应对突发式业务时阻塞率较高。针对这一问题,提出在光电路交换网络节点引入存储,从而在突发阶段暂存""时延不敏感""的业务数据并错峰传输。基于时移多层图研究了存储容量与业务突发度的关系,并通过仿真验证了对网络性能的改善程度。研究结论包括:突发业务对光电路交换网络性能有较大影响;引入存储可以有效平滑突发业务,降低阻塞率;在固定的网络负载下,所需的存储容量随着业务突发度的增大而增大。 ",DSJU201604006
基于仿真大数据的效能评估指标体系构建方法,司光亚:20555711|高翔:34278162|刘洋:20144070|吴琳:20931369,12,仿真大数据; 效能评估; ANP; 关联性分析; 网络化指标体系;,"针对武器装备效能评估指标体系中评估指标之间存在的相互依赖与影响的关系以及评估过程主观性较强的情况,提出一种基于仿真大数据采用超网特征参数和ANP相结合构建指标体系的方法。以某次武器装备体系仿真为例,给出了网络化评估指标体系构建流程,并建立了具体的指标体系,同时对指标之间的关联性进行了深度挖掘。实验结果表明,提出的指标体系构建方法具有合理性和有效性,能够为武器装备体系效能评估提供更为可靠的理论依据。 ",DSJU201604007
面向智慧城市的大数据开放共享平台及产业生态建设,"孙傲冰1,2:40550405|季统凯1:40548942",14,大数据; 智慧城市; 数据资产; 开放共享平台; 产业生态;,"从政务数据资产的属性入手,按照""一云、一引擎、四大主题库、一个应用门户、三类典型应用""的思路,搭建智慧城市大数据开放共享平台:基于云基础设施环境,实现大数据统一管理引擎,建设城市公开信息等4类大数据主题库;建立安全访问控制模型,通过大数据统一访问接口,将加工后的数据供给授权的第三方应用开发商调用。基于庞大用户群,建设一个应用发布、数据定制及评价的统一门户,打造需求、数据、资金合理流向的产业生态。 ",DSJU201604008
基于数据挖掘的个人征信系统异常查询实时监测模型及其应用,姚前:35311600|谢华美:35607897|景志刚:35607898|胡青青:35607899|司恩哲:35607900,10,数据挖掘; 个人征信系统; 异常查询; 违规查询; 实时监测;,"选择个人征信系统最新36个月9亿条查询记录,根据用户查询行为的不同波动特征进行了模型细分,探讨了4种异常查询实时监测模型。结果表明,基于数据挖掘的个人征信系统异常查询实时监测模型应用于个人查询量预测是可行的,且效果良好。该模型的成功上线和不断修正,将对个人征信系统的违规查询行为产生威慑作用,倒逼查询机构加强内部管理,合法使用信用信息,以保障信息主体的权益,促进征信市场腱康发展。 ",DSJU201604009
《欧盟数据保护通用条例》详解,王融:35802435,9,数据保护通用条例; 变化; 合规;,"《欧盟数据保护通用条例》于2018年5月25日正式生效。为踏上数字时代新秩序的起跑线,全球企业都在积极准备合规工作。全面梳理其带来的重大变化,既为企业提供参考,也为我国政府考虑大数据背景下的数据保护规则提供新视角。 ",DSJU201604010
欧盟数据可携权评析,高富平:15966152|余超:35607901,6,大数据; 可携权; 利弊;,"可携权规定数据主体有权就其被收集处理的个人数据获得对应的副本,并可以在技术可行时直接要求控制者将这些个人数据传输给另一控制者。这一权利的创设及适用对于大数据的利用以及个人隐私、商业竞争都会产生巨大的影响,对于我国的个人信息保护立法也具有借鉴和参考价值。 ",DSJU201604011
经济发展的顶层设计 企业战略的终极蓝图——产业互联网,赵国栋:35610556,5, ,"<正>笔者语:此文为""大数据栋察""专栏的开篇,后续文章将会围绕产业互联网三要素、产业生态管理等命题展开讨论。一家之言,或有偏颇。欢迎大家来信指正、交流。1引言当下中国经济发展呈现""L""特征,传统行业处在艰难的转型过程中,一方面去产能、调结构,一方面找方向、要升级。大数据作为经济发展的新动力,可以大幅度降低经济活动中的交易成本,同时大范围提升运营效率。传统产业需要积极拥抱大数据、互联网等新理念、新思维、新方法,其表现形式即""产业互联网"",其核心要素是产业生态、大数据、生产性服务业。只有以大数据为枢纽,把生产性服务业融入产业生态中,才能真正实现传统产业转型升级, ",DSJU201604012
国务院批复建立“促进大数据发展部际联席会议”制度,单志广:22200770,4, ,"<正>1引言按照党中央、国务院部署,国家发展和改革委员会(简称""发展改革委"")会同工业和信息化部、中共中央网络安全和信息化领导小组办公室(简称""中央网信办"")等部门,研究制定了《促进大数据发展行动纲要》,已于2015年8月19日通过国务院常务会议审议,2015年8月31日以国发[2015]50号文件印发。该文件是国家层面促进大数据发展、实施大数据战略的最系统、最权威的指导性文件。2016年3月16日, ",DSJU201604013
第一届大数据科学与工程国际会议(2016)精彩荟萃,,24, ,"<正>大数据时代的悄然来临,正在深刻变革着人们的科研、生产、生活方式,推动社会经济的发展、相关领域技术的创新发展,甚至国家竞争力的提升。大数据已经成为全球关注的热点,成为国内外学术界、产业界普遍关注的热点研究领域,在全球掀起了一个空前的研究热潮。 ",DSJU201604014
“大数据标准”征稿通知,,1, ,"<正>""大数据""不仅仅是一代新的信息技术的代名词,也是解决复杂问题的一种新方法。大数据的发展和应用已经对政府、企业决策和人们的生活方式产生深远的影响。目前,各种大数据技术和系统层出不穷,大数据应用方兴未艾。然而,大数据系统之间缺乏有效的互操作手段,大数据的开放共享受制于安全与隐私方面的顾虑,大数据推广应用缺乏工程化的指南,在很大程度上阻碍了大数据的发展。甚至大数据的定义、相关术语、分类、 ",DSJU201604017
导读,,1, ,"<正>智慧城市建设已明确写入《中共中央关于制定国民经济和社会发展第十三个五年规划的建议》,成为国家拓展发展新空间的一项重要内容。近几年,在对智慧城市进行深入研讨的过程中,有3点突出感受:第一,智慧城市建设是一个非常复杂的系统工程,既需要理论探讨,更需要实践探索;第二,智慧城市的几乎所有方 ",DSJU201603001
以大数据为核心 驱动智慧城市变革,单志广:22200770|房毓菲:35018659,6,智慧城市; 大数据; 城市发展;,"建设智慧城市已成为国家发展新空间的重要举措,近年来我国智慧城市建设取得了积极进展。当前社会正在迈入大数据时代,大数据将成为智慧城市建设的核心要素,为智慧城市的发展带来更多的机遇和挑战。简述了我国智慧城市的总体进展,总结了大数据时代我国智慧城市面临的问题,并从信息系统、政府决策、公共服务、社会管理、产业发展、体制机制等方面提出了以大数据驱动智慧城市变革的几点思考。 ",DSJU201603002
城市大数据:内涵、服务架构与实施路径,"华岗1:40489371|顾德道1:40489051|刘良华1:40489148|田沄2,3,4:35020991|许海燕1:40489372|方丹丹1:40489054",8,城市大数据; 服务架构; 实施路径;,"在大数据时代,城市大数据成为转变城市发展模式、提升人民生活水平、培育经济增长新动力的关键,必须做好顶层设计、系统规划和推进措施。为此,深入剖析了城市大数据的概念与内涵、边界和数据分类以及当前我国城市大数据发展中面临的机遇和挑战,提出了由一体化基础支撑体系、应用体系、产业体系、指数体系和体制机制保障措施等构成的城市大数据服务架构体系,并给出了实施路径和大数据服务中心建设的建议。 ",DSJU201603003
智慧城市建设中政府大数据开放与市场化利用,洪学海1:11039177|范灵俊1:26300451|洪筱楠2:35020993|李国杰1:09559565,10,智慧城市; 政府大数据; 市场化; 开放;,"在智慧城市建设中,政府大数据是一笔宝贵的""资产"",是高价值密度的大数据源。利用好政府大数据对于促进城市经济发展和提升公共服务都大有裨益。企业是政府大数据与公众需求问题解决方案之间的桥梁。开放政府数据并通过企业进行市场化开发是政府大数据释放价值的有效途径。以宁波市智慧城市建设中的政府大数据应用为例,分析政府大数据市场化利用的障碍和挑战,并探讨了政府大数据市场化利用的模式与对策。 ",DSJU201603004
政府大数据治理的挑战及对策, ,12,政府大数据; 治理机制; 内部共享; 对外开放;,"大数据是城市智慧的""来源"",利用好大数据可以有效缓解或解决城市发展中的诸多问题。政府部门掌握的大数据关系国计民生,与公众生活息息相关,是高价值密度的数据,如何治理和利用政府大数据,是智慧城市建设的核心问题之一。以宁波市政府大数据为例,阐述了政府大数据治理面临的挑战,包括政府数据内部共享的需求和障碍、政府数据对外开放和利用的问题等,同时给出了相应的对策及建议。 ",DSJU201603005
利用大数据挖掘和知识发现技术辅助智慧城市发展,陈聪1:35018954|张国惠1:35018955|马晓磊2:33515566|王印海3:23048770,10,智慧城市; 城市化; 大数据; 大数据分析; 科技发展;,"互联网的广泛应用带来了信息时代的数据井喷,大数据成为当前时代的宝贵资源,而大数据分析也成为了新时代的重要课题。大数据分析可以提供更准确的分析结果,从而推动智慧城市系统的发展。总结了智慧城市和大数据的基本概念、发展历程和主要特点,提出了利用大数据挖掘技术辅助智慧城市的综合发展,旨在为当代智慧城市和大数据研究提供理论基础。 ",DSJU201603006
基于大数据的京沪人口流动流量、流向新变化,周晓津:25220642|姚阳:11712109,11,人口流动大数据; 国家人口基础信息库; 国家大数据战略;,"位置大数据为人口流动流量、流向及其变化研究提供了条件,大数据人口推断比人口普查更加精准且成本大幅度降低。基于大数据的人口流动分析表明,2015年末北京、上海外来人口规模稳中有降,外来人口来源构成与2010年全国第六次人口普查相比也发生了较大变化,来自于邻近省份的外来人口增加。在加快实施国家大数据战略的背景下,应加快共享公共数据,推进人口流动大数据研究,以尽快构建基于大数据的国家人口基础信息库。 ",DSJU201603007
基于微博数据对突发性环境污染事件公众感知变迁研究,张志恒:32700686|陈兴鹏:07903951|惠丹:34557278,13,突发环境污染事件; 公众感知; 内容分析法; 微博;,"发掘突发环境污染事件下公众感知变迁特征对于应急决策具有重要意义。以""2014年兰州市自来水污染""为例,尝试采用新浪微博的数据,使用内容分析法对公众感知变迁的计量特征、6个感知方向变迁特征进行分析。结果表明,反映公众感知的小文本集遵循齐夫定律;公众感知依次经历发散、平稳、收敛、""公众反思""4个阶段;感知方向的变迁特征分为阶段弱敏感性与强敏感性两类。基于公众感知阶段划分及公众感知方向变迁特征提出应对突发性环境污染事件的建议。 ",DSJU201603008
基于HBase的海量GIS数据分布式处理实践, ,10,大数据; HBase; 栅格数据; 矢量数据; rowkey;,"设计了一种基于分布式数据库HBase的GIS数据管理系统。系统优化了栅格数据的生成和存储过程,将海量栅格数据直接写入HBase存储、索引。同时,针对矢量空间数据的存储、索引与检索,提出了一种新的rowkey设计,既考虑经纬度,又考虑空间数据类型和属性,使得在按空间位置检索矢量地理信息时,能通过HBase的rowkey迅速定位需要返回的数据。在HBase的集群环境上用真实GIS数据对上述方法进行了验证,结果表明,提出的系统具有较高的海量数据存储和检索性能,实现了海量地理信息数据的高效存储和实时高速检索。 ",DSJU201603009
大数据治理的数据模式与安全,马朝辉1:35018660|聂瑞华1:07572245|谭昊翔1:35018661|林嘉洺1:35018662|王欣明1:32797938|唐华2:07572364|杨晋吉1:07570942|赵淦森1:26445736,13,大数据治理; 数据融合; 访问控制;,"大数据治理的主要目的是使数据的利用价值和利用效率最大化,治理后的数据在利用过程中也不可避免会涉及敏感数据或者隐私数据。从大数据治理出发,基于实际应用案例,讨论大数据治理过程中如何利用数据模式的重组实现数据价值的提升和数据处理效率的提升。同时,也提出了数据安全访问策略的自动生成,保障数据在重组后得到相应的安全防护。 ",DSJU201603010
电信大数据关键技术挑战, ,10,电信大数据; 用户洞察; 网络洞察; 数据开放;,"大数据逐渐对用户体验和生产效率带来颠覆性影响。电信大数据来源于运营商通信网络平台的BSS和OSS,沉淀了海量用户7个维度的信息:1维用户真实ID、1维行为数据、1维社交数据、1维时间数据和3维空间数据。运营商构建电信大数据分析平台,通过对7维用户数据建模,可以实现3个数据业务方向的升级:用户洞察、网络洞察和数据开放。着重探讨电信大数据分析平台遇到的9个关键技术挑战和可能的技术突破方向。 ",DSJU201603011
大数据时代的数据科学家培养,"朱扬勇1,2:06710346|熊贇1,2:24529592",7,数据科学; 数据科学家; 人才培养; 大数据;,"大数据时代,最热门的职业是数据科学家(data scientist),而不是传统的信息科学家,也不是大数据工程师。大数据热潮促进了数据科学(data science)研究进入快速发展期,数据科学家的培养也受到广泛重视,越来越多的大学启动数据科学学位培养计划,但值得注意的是,当前数据科学家培养的基础条件缺乏,其知识结构、学科体系、人才培养计划尚未建立。结合大数据时代的人才要求,给出了科学、系统的数据科学人才知识体系,提出了超学科、多类型的培养模式。 ",DSJU201603012
中国电信大数据应用实践,张宇中:35020994|李名洋:35020995,8, ,"<正>1引言大数据的应用随着计算技术的进步、互联网的爆发、科学计算的需求而高速发展。各类互联网巨头公司积累了大量运营、用户和交易数据,并筹建了大量的运算资源。它们的各类商业目的推动了大数据处理技术的发展。对中国电信运营商而言,三网总的活跃移动连接超过10亿,其中超六成终端为智能终端,每天各类应用和业务被使用,持续 ",DSJU201603013
大数据隐私保护技术综述,"方滨兴1,2:21958793|贾焰2:09789600|李爱平2:20650444|江荣2:24357692",18,大数据; 隐私保护; 数据发布; 数据挖掘; 数据访问;,"大数据分析带来的隐私泄露问题日趋严重,如何在利用大数据为各行各业服务的同时,保护隐私数据和防止敏感信息泄露成为新的挑战。大数据具有规模大、来源多、动态更新等特点,传统的隐私保护技术大都已不再适用。为此,给出了大数据时代的隐私概念和生命周期保护模型;从大数据生命周期的发布、存储、分析和使用4个阶段出发,对大数据隐私保护中的技术现状进行了分类阐述,并对各技术的优缺点、适用范围等进行分析;对大数据隐私保护技术发展的方向和趋势进行了阐述。 ",DSJU201601001
导读,,1, ,"<正>2015年是国家大数据战略的启动年。中国是农业大国,农业部于12月31日率先发布第一个行业大数据发展规划《关于推进农业农村大数据发展的实施意见》,全面部署农业农村大数据发展工作。相比互联网金融、互联网营销、精准健康、智慧城市、P2P、O2O等大数据热点,农业大数据研究与应用的基础相对薄弱、市场效应不强、实施难度更大。大数据如何在三农问题中发挥作用?大数据可以服务中央制定三农政策和发展规 ",DSJU201601002
农业信息化与大数据,王小兵:33548970,7,农业; 信息化; 大数据; 互联网+;,"大数据作为""互联网+""行动计划的主要内容,其重要性得到了广泛重视。农业是大数据的重要应用领域,大数据技术为农业信息监测预警工作带来了新的发展机遇。介绍了我国传统农业发展面临的问题,阐述了互联网+农业对于农业转方式、调结构的重要作用,详细分析了发展互联网+农业物联网、互联网+农业电子商务、互联网+农业信息服务、互联网+农业大数据的重要意义和具体措施,为全面提高农业综合生产能力,降低农业资源消耗,构建基于互联网和大数据技术的现代农业提供参考。 ",DSJU201601003
关于我国农业大数据中心建设的设想,"王文生1,2:09677610|郭雷风1,2:28878107",7,农业大数据; 大数据中心; 战略需求; 应用前景;,"农业大数据中心是发展农业大数据的前提和基础,我国应积极推动农业大数据中心建设。为此,从我国现代农业发展的角度,分析了国家农业大数据中心建设的战略需求,介绍了建设农业大数据中心的数据基础,提出了农业大数据中心建设的主要内容,对农业大数据中心的应用前景进行了展望,为我国农业大数据的发展提供了参考和依据。 ",DSJU201601004
农业大数据资产管理面临的挑战与思考,李俊清:34277597|宋长青:08239839|周虎:31885430,9,农业大数据; 资产管理; 农业农村;,"农业大数据资产管理是发展农业农村大数据的前提,结合农业领域和大数据领域的热门议题,对农业大数据资产管理进行了相关研究。对农业大数据资产的概念进行了定义,从数据资源和服务价值角度分析了农业大数据资产的特性;分析了农业大数据资产的现状,并从存储、质量、价值、安全、开放和人才培养等方面探讨了农业大数据资产管理面临的挑战;最后,对农业大数据资产管理提出了思考和建议。 ",DSJU201601005
山东省农业大数据发展刍议,郑勇:34277598|孟磊:34277599|李文静:34277600,9,农业大数据; 资源共享; 信息化; 互联网+;,"国务院办公厅印发的《促进大数据发展行动纲要》,将大数据发展工作提到战略高度,重点是发展大数据农业农村等行业领域应用。农业发展到当前阶段,面临诸多现实困境,亟需通过大数据技术与应用,促进农业转型升级。通过对山东省农业大数据发展状况的分析,针对存在的问题,提出发展山东省农业大数据的主要任务和保障措施,为相关政策制定提供参考。 ",DSJU201601006
农业大数据研究生培养模式探索,牟少敏:08292243|温孚江:14688271|宋长青:08239839,6,农业大数据; 机器学习; 大数据处理技术; 研究生培养模式;,"大数据应用尚处于初级阶段,农业大数据又是多学科的交叉融合产物,相应人才的缺乏是其研究和应用的重要瓶颈。简要介绍了农业大数据的概念、处理技术及其应用。并结合农业大数据的特点,针对目前人才严重缺乏的现状,提出了农业大数据研究生培养的重要性,并在此基础上,探讨了培养方案的要素以及人才培养模式。 ",DSJU201601007
基于大数据的小麦蚜虫发生程度决策树预测分类模型,张晴晴:34080122|刘勇:14979938|牟少敏:08292243|温孚江:14688271,9,小麦蚜虫; 农业大数据; 决策树; 分类模型;,"小麦蚜虫是危害小麦的主要害虫。其发生程度预测特别是短期预测一直是植物保护领域难以解决的科学问题。传统预测方法通常仅采用温湿度,预测结果与实际发生匹配度不高。基于大数据的理念和数据挖掘技术,通过对2003-2013年小麦蚜虫发生程度与瓢虫、寄生蜂、日最高气压、日照时数等18种变量关系的决策树分析,构建了分类模型。经分析发现,日照时数与小麦蚜虫的发生程度关联度最高,其次是天敌瓢虫。该模型置信度为91.49%,且运行稳健。 ",DSJU201601008
基于大数据的玉米田四代棉铃虫发生量的预测模型,赵雷:34277601|杨波:32380664|刘勇:14979938|牟少敏:08292243|温孚江:14688271,8,农业大数据; 棉铃虫; 支持向量回归; 监测预警; 玉米;,"提出了一种基于支持向量机的预测模型。根据山东省1999-2013年玉米田第四代棉铃虫发生程度采集的数据,采用支持向量回归(SVR)算法,构建了玉米田第四代棉铃虫发生程度与其关联因子间的非线性关系模型,并对该方法进行了测试与分析。结果表明,由SVR预测模型得到的预测发生量与实际发生量基本一致,预测的平均绝对百分比误差为4.36%,预测值与实际值的相关系数为0.960 6,为玉米田第四代棉铃虫的有效防控提供了科学指导。 ",DSJU201601009
农业大数据给商品交易所带来的机遇和挑战,,10,农业大数据; 期货市场; 业务流程; 促进作用;,"研究了农业大数据对郑州商品交易所主要业务的促进作用。通过对农业大数据在交易所各个主要业务流程中扮演的重要角色的分析,表明基于农业大数据和期货大数据的数据挖掘可以提高交易所在交易、交割、结算、风控以及新产品研发等业务上的科学性、精准性、针对性。 ",DSJU201601010
大数据环境下的管理信息系统发展研究,"杨丽彬1:28840291|李海林1,2:28840290|张飞波1:34277602",13,大数据; 管理信息系统; 数据挖掘; 信息处理;,"大数据时代的到来给管理信息系统带来了一定的冲击和挑战,因此有必要研究大数据对现代管理信息系统的作用及影响,使得管理信息系统的性能和社会服务作用得到进一步提升。首先从数据的内涵与特征来理解大数据的概念,接着从数据处理过程的角度来讲述大数据对管理信息系统业务流程的变化和影响,同时,从管理信息系统的构成来解析大数据对于管理信息系统的推动与发展作用。最后,针对基于大数据环境下的信息安全和信息人才短缺等问题进行了探讨,并提出了相关的解决方案。 ",DSJU201601011
生活中的大数据,车品觉:32708759,6,大数据; 气象; 销售; 医疗; 信用; 数据分析; 数据产业;,"随着大数据时代的来临,大数据逐渐渗入人们的日常生活中。选取了几个方向,对已渗入人们生活的典型大数据应用进行了分析和阐述,希望能给予读者启示。 ",DSJU201601012
CCF大专委2016年大数据发展趋势预测——解读和行动建议,"潘柱廷1,2,3,4:12159789|程学旗5,6,7:09559496|袁晓如8,9:21688785|周涛10:10517313|靳小龙5,11:26681578",9, ,"<正>1引言2015中国大数据技术大会(BDTC)于2015年12月10日在北京召开,会上中国计算机学会(CCF)大数据专家委员会(task force on big data,TFBD,以下简称大专委)发布了中国大数据技术与产业发展报告(2015),并对2016年大数据发展趋势进行了展望。自2012年10月CCF大专委成立,在每年12月的大数据技术大会上都会发布对第二年大数据发展趋势的预测。从预测2013年到预测2016年,现在已经是第4次 ",DSJU201601013
从政策驱动到技术践行:大数据开辟可持续发展研究新途径,"周绮凤1:09225559|李涛2,3:08770190",6, ,"<正>1可持续发展及面临的难题可持续发展是世界对发展道路的审慎选择,也是我国的基本发展战略。随着全球资源枯竭、环境恶化的日益严重以及人类文明的演进和对生态保护理念的不断深化,可持续发展已经成为全球共识,对这一领域的研究也越来越热,日渐深入。实现可持续发展的关键是如何制定合理的、能够平衡环境、经济和社会需求的复杂决策。然而自然、社会、经济系统本身的高度复杂性、动态性以及不确定性使得实现这一最优或近似最优的决策成为一个巨大的挑战。目前,可持续发展战略的实施 ",DSJU201601014
2015中国大数据技术大会在北京隆重开幕,,1, ,"<正>2015年12月10日,作为大数据领域规模最大、最具影响力的IT盛会,2015中国大数据技术大会(BDTC 2015)在北京新云南皇冠假日酒店盛大开幕。中国计算机学会(CCF)大数据专家委员会秘书长、中国科学院计算技术研究所研究员程学旗代表主办方和承办方致开幕辞。本次大会历时三天,以更加国际化的视野,从政策法规、技术实践和产业应用等角度深入探讨大数据落地后的挑战,作为大数据产业 ",DSJU201601015
大数据,,1, ,"<正>ISSN 2096-0271 CN 10-1321/G2主管单位:中华人民共和国工业和信息化部主办单位:人民邮电出版社学术指导:中国计算机学会大数据专家委员会出版单位:北京信通传媒有限责任公司办刊宗旨""以开放、创新姿态,推动大数据技术的研究与应用,促进技术交流,推广创新成果,服务大数据社会""。报道大数据技术应用领域中具有前瞻性、独立性和创新性的产业与技术发展见解;产业的新研究应用成果与发展动态;关键技术、热点的前沿性研究与应用;具有先进性和推广价值的应用方案等,有效促进 ",DSJU201601016
导读,,1, ,"<正>大数据已经成为促进社会进步、经济发展与科技创新的关键基础资源。大规模的数据价值利用需要兼顾数据开放共享与安全隐私保护。同时,大数据开源技术体系、""互联网+""与大数据领域应用生态链、大数据金融、大数据安全等既是大数据研究的共性基础问题,也是数据产业发展的热点领域。具体而言,金融行业的大数据化管理与大数据的金融化创新是大数据产业的重要趋势,基于大数据的征信、风控、信贷、投资等已经在金融领域产生了实际的应用效果。在安全领域,大数据的发展有效缓解了 ",DSJU201504004
面向大数据的并行聚类算法在股票板块划分中的应用,海沫1:24156185|牛怡晗2:34104905|张悦今1:26051481,9,财务指标; 并行聚类算法; K-means; 模糊K-means; 股票板块划分;,"上市公司的经营业绩在一定程度上反映股票的投资价值,因此以反映上市公司盈利能力、偿债能力、成长能力、资产管理质量及股东获利能力5个方面共15项财务指标作为股票投资价值的衡量指标,首次尝试使用面向大数据的并行聚类算法Mahout中的K-means聚类算法和模糊K-means聚类算法对中国A股市场约2 600支股票依据其财务指标进行聚类,以便进行股票板块的划分,并比较两种算法在不同距离度量方式下的迭代次数、执行时间、聚类间密度和聚类内密度。实验结果表明,谷本距离度量方式下的K-means算法聚类效果最好,因此可将该实验结果作为最终股票板块划分结果进行分析,从而为投资决策提供参考。 ",DSJU201504005
基于大数据技术的P2P网贷平台风险预警模型, ,11,互联网金融; P2P网贷; 大数据; 风险预警; 机器学习;,"近几年,我国P2P网贷行业在高速发展的过程中出现了大量的""失联跑路""事件。为此,基于P2P网贷及大数据相关概念的深入剖析,创新性地将平台的风险预警与大数据技术结合,通过对海量数据采集、Spark分布式平台计算、机器学习建模等大数据技术的整合,构建一个有效的P2P网贷平台风险预警模型。该模型在多维度风险评价指标的基础之上,可以实现对网贷平台风险的实时、精准、全面监测,从而有效降低平台集资诈骗、恶意跑路等恶意事件的发生频率,维护广大投资人的资金安全及社会稳定。 ",DSJU201504006
面向国防安全的网络大数据分析与应用系统,许洪波:10348532|陈波:34104907,9,大数据; 国防安全; 大数据分析; 多源异构数据融合;,"在调研国内外大数据分析与应用研究现状的基础上,针对国防安全领域现有业务体系中存在的数据碎片化、不规范、难共享等突出问题,提出面向国防安全的网络大数据分析与应用方案,将国防安全现实需求与大数据技术有机结合,既能够发挥大数据技术在多源异构数据融合、深层次安全信息挖掘、打破信息孤岛实现广泛共享等方面的优势,又能够适应现有的业务体系,快速产生实际效果。最后,对面向国防安全的网络大数据挖掘和分析相关技术进行了系统性介绍。 ",DSJU201504007
基于统计学习的网络异常行为检测技术,周涛:10517313,10,大数据; 安全分析; 异常行为检测; 统计学习;,"高级持续性威胁(APT)已经成为企业级安全用户的首要安全威胁。传统基于特征检测、边界防护的安全防范措施在应对APT攻击时存在不足。为此,介绍了网络异常行为检测方法的现状;分析了基于统计学习的检测方法的技术路线和体系架构,并以命令控制通道、获取行为等APT攻击中的典型环节为例,介绍了相关的参数提取和统计分析建模方法;总结了基于大数据的异常行为检测的特点,并指出了后续研究方向。 ",DSJU201504008
面向科技情报的互联网信息源自动发现技术,高辉:33872572|陈钧:13573082|牛海波:34104908|罗威:34104909,9,科技情报; 互联网信息源; Twitter; 共引; 社会网络分析;,"自动获取高质量互联网信息源是科技情报工作的一项基础性研究内容。以网站/网页类信息源和Twitter信息源为研究对象,基于共引关系以及关注关系和文本内容,分别提出了两类信息源的自动发现方法,并面向科技情报领域进行了实验。对信息源自动发现技术应用形式进行了研究,分析了科技情报工作对信息源服务的具体要求,提出了3类应用场景。 ",DSJU201504009
大数据时代的数据挖掘——从应用的角度看大数据挖掘,"李涛1,2:08770190|曾春秋1,2:34104912|周武柏1,2:34104913|周绮凤3:09225559|郑理1,2:33805897",24,大数据; 数据挖掘; FIU-Miner; 高端制造业; 空间数据挖掘; 商务智能;,"介绍了大数据时代数据挖掘的特点、任务及难点,分析了大数据挖掘的核心架构,提出大数据的核心和本质,即应用、算法、数据和平台4个要素的有机结合。在此基础上介绍了本团队研究设计的大数据挖掘系统FIU-Miner。该系统是一个用户友好并支持在分布式环境中进行高效率计算和算法快速集成的数据挖掘系统平台,使得数据分析人员能够快速有效地进行各类数据挖掘任务。最后,介绍了基于FIU-Miner的3个典型的成功应用案例:高端制造业数据挖掘、空间数据挖掘和商务智能数据挖掘。 ",DSJU201504010
城市交通大数据技术及智能应用系统,"熊刚1,2:24576483|董西松1,2,3:26375625|朱凤华1,2:23309595|季统凯2:40548942",16,城市交通; 大数据; 云计算; 物联网;,"城市交通大数据具有种类繁多、异质性、时空尺度跨越大、动态多变、高度随机性、局部性和生命周期较短等特征,如何有效地采集和利用交通大数据,满足高时效性的交通行政监管、交通企业经营管理、交通市民服务等应用需求,是城市交通和智慧城市面临的前所未有的机遇和挑战。重点分析总结了城市交通大数据的若干研究内容及核心技术,提出了城市交通大数据智能应用系统解决方案,列举了几种典型应用,在城市交通和智慧城市领域的大数据研发和应用领域进行了初步探讨。 ",DSJU201504011
基于电力运营大数据分析实现节能减排,,12,出力系数; 优化电力调度; 优化机组设计; 节能减排;,"研究解决全国火电机组出力系数普遍较低,旋转备用率偏大的问题。通过对近年来安徽电网发电、用电负荷特性数据以及2014年全国大机组竞赛的大量数据进行挖掘和分析,提出了解决问题的几个方案:一是优化电力调度,减少机组在网运行时间;二是增加机组利用小时;三是优化机组设计,降低主辅设备出力富裕度,按IEC标准定义湿冷机组的铭牌;四是发电集团内部机组电量分配优化;五是国家能源局修订电量偏差不大于2%的监管政策。据此可大幅提高火电机组的出力系数,降低旋转备用率和发电煤耗,减少主要污染物排放量,实现企业经济效益和社会效益双丰收。 ",DSJU201504012
大数据技术发展的十个前沿方向(下),吴甘沙:27041215,9, ,"<正>10前沿方向八:精益求精,提升精度精度是衡量机器学习(人工智能)算法好坏的重要指标。传统上,精度概念包括正确率、识别率、召回率等。在大数据时代,精度被赋予了更多的含义。10.1传统机器学习的模型不适应大数据首先是数据规模。传统的机器学习模型无法支持超大规模的训练数据集,当数据超过一定规模时,传统模型将面临计算 ",DSJU201504013
大数据引领教育未来:从成绩预测谈起,"吕红胤1:06541747|连德富1,2:34107020|聂敏2,3:34107021|夏虎1,2:22107781|周涛1:06549836",4, ,"<正>近年来,大数据已经在教育领域的管理与引导等诸多方面被广泛运用。例如,智能教学系统(ITS)~[1]基于与学生间交互的日志数据进行个性化知识诊断,分析学生的知识掌握情况,发现学生的薄弱点,从而自适应地帮扶学生更好地获取知识和技能~[2,3]。卡耐基公司(Carnegie Learning)的""认知导引""系统便是一个典型的ITS~[4],它根据学生对先前问题的回答情况制定后续的提问内容。这样,就可以找出学生的问题并深入了解它们。经过严格测试,发现使用该系统的学生要比接受传统教学的 ",DSJU201504014
收录声明,,1, ,"<正>凡投本刊并被录用的稿件文章,若无特别声明,视同将录用文章的电子网络版、汇编或合订本的使用权授予本期刊社,本刊支付的稿费中已包含上述费用。If the authors of the accepted article by Big Data Research do not provide special announcement,the editorial department believes that the authors will be granted the right of their ",DSJU201504001
道德声明,,1, ,"<正>本刊发表的论文是作者独立取得的原创性研究成果,无一稿多投;论文内容不涉及国家机密;未曾以任何形式用任何文种在国内外公开发表过;论文内容不侵犯他人著作权和其他权利。若发生一稿多投、侵权、泄密等问题,论文作者将承担全部责任。The authors of Big Data Research guarantee that their submitted article is original and contains nothing confidential.The said article is only submitted to Big Data Research.The said article has not ",DSJU201504002
专题:金融与安全大数据,,1, ,"<正>客座编辑程学旗,中国科学院计算技术研究所研究员、所长助理、副总工程师,中国科学院网络数据科学与技术重点实验室主任,中国计算机学会大数据专家委员会秘书长,国家杰出青年科学基金获得者。主要研究方向为Web信息检索与数据挖掘。近年来,带领团队从事大规模互联网信息检索与挖掘、网络数据科学与社会计算以及面向网络空间的信息内容安全等方向的研究,先后主持并完成了十余项国家自然科学基金、国家重点基础研究发展计划(""973""计划)、国家高技术研究发展计划(""863""计划)、国家信息安全重大专项以及中国 ",DSJU201504003
“大数据与社会治理”专刊征稿通知,,1, ,"<正>创新社会治理体制已成为推进国家治理体系和治理能力现代化的重要内容。互联网、云计算、大数据时代的来临,为推进国家治理体系和治理能力的现代化带来空前的重大变革与发展机遇。本专刊以""大数据与数据治理""为选题,将突出目前大数据理论、方法和技术在社会治理领域应用研究中的热点课题,如基础理论、支撑技术和应用示范等,发表国内外大数据技术在社会治理研究领域中具有典型性和创新性的高水平研究成果,深入探讨其理论方法与技术实践。一、征稿范围 ",DSJU201504015
电信科学,,1, ,"<正>www.telecomsci.com.cn中国通信学会和人民邮电出版社携手打造中文核心期刊中国科技核心期刊RCCSE中国核心学术期刊被国内外核心数据库和科技文摘期刊收录《电信科学》期刊人选2014年度中国科协主管科技期刊审读""优""级期刊名单邮局订阅凭邮发代号,在全国各地邮局(所)订阅发行部订阅将订阅信息以传真或邮件方式发送至发行部,也可致电发行部提交订阅信息电话:010-81055598传真:010-81055464E-mail:yrq@bjxintong.com.cn银行汇款户名:北京信通传媒有限责任公司开户行:中国工商银行北京体育馆路支行账号:0200008109200044661 ",DSJU201504016
大数据,,1, ,"<正>主管单位:中华人民共和国工业和信息化部主办单位:人民邮电出版社学术指导:中国计算机学会大数据专家委员会出版单位:北京信通传媒有限责任公司办刊宗旨""以开放、创新姿态,推动大数据技术的研究与应用,促进技术交流,推广创新成果,服务大数据社会""报道大数据技术应用领域中具有前瞻性、独立性和创新性的产业与技术发展见解;产业的新研究应用成果与发展动态;关键技术、热点的前沿性研究与应用;具有先进性和推广价值的应用方案等,有效促进我国大数据技术研究与应用的交流,全方位展示我国大数据产业的发展、技术趋势和创新应用成果,推动 ",DSJU201504017
网络表示学习,陈维政:33805143|张岩:06278092|李晓明:06245325,16,网络; 表示学习; 深度学习;,"以Facebook、Twitter、微信和微博为代表的大型在线社会网络不断发展,产生了海量体现网络结构的数据。采用机器学习技术对网络数据进行分析的一个重要问题是如何对数据进行表示。首先介绍了网络表示学习的研究背景和相关定义。然后按照算法类别,介绍了当前5类主要的网络表示学习算法,特别地,对基于深度学习的网络表示学习技术进行了详细的介绍。之后讨论了网络表示学习的评测方法和应用场景。最后,探讨了网络表示学习的研究前景。 ",DSJU201503001
大数据与推荐系统,李翠平:10914774|蓝梦微:32635338|邹本友:32205560|王绍卿:32205561|赵衎衎:32635339,13,大数据; 推荐系统; 协同过滤;,"随着大数据时代的来临,网络中的信息量呈现指数式增长,随之带来了信息过载问题。推荐系统是解决信息过载最有效的方式之一,大数据推荐系统已经逐渐成为信息领域的研究热点。介绍了推荐系统的产生及其在大数据时代的发展现状、推荐系统的领域需求和系统架构、大数据环境下推荐系统的挑战及其关键技术、开源的大数据推荐软件、大数据推荐系统研究面临的问题,最后探讨了大数据推荐系统的未来发展趋势。 ",DSJU201503002
大数据时代的互联网分析引擎,窦志成:33807339|文继荣:09750702,12,互联网大数据; 分析引擎; 数据感知与采集;,"随着互联网尤其是移动互联网的高速发展,互联网文档的数量、内容的丰富度和复杂度都大大增加,互联网正朝大数据时代迈进,而用户的信息需求也趋于复杂化。除了基本的信息检索需求外,对大量相关文档的深入理解与聚合分析的需求也越来越强烈,而传统的互联网搜索引擎已经无法满足人们对该类信息的需求。针对这一问题,提出""互联网分析引擎""的构想,阐述了其与搜索引擎和OLAP分析系统的区别,介绍了一种互联网分析引擎的架构,并详细讨论了实现该引擎的核心问题。 ",DSJU201503003
从系统角度审视大图计算,吴城文:33805144|张广艳:08835476|郑纬民:05965723,14,大数据计算; 大图计算; 计算模型; 计算系统;,"大图计算已经成为学术界和工业界的一种基本计算模式,并且已经被应用到许多实际的大数据计算问题上,如社交网络分析、网页搜索以及商品推荐等。对于这些问题,大图的规模约有10亿级的点以及1 000亿级的边,这样的规模给大图的高效处理带来了诸多挑战。为此,介绍了大图计算的基本特征和挑战、典型的计算模型以及具有代表性的分布式、单机处理系统,同时对图处理系统中的关键技术进行总结,最后从系统的角度给出大图计算可能的一些研究方向。 ",DSJU201503004
网络大数据的文本内容分析,程学旗:09559496|兰艳艳:30526869,10,文本内容分析; 短文本主题建模; 单词表达; 排序学习;,"文本内容分析是实现大数据的理解与价值发现的有效手段。尝试从短文本主题建模、单词表达学习和网页排序学习3个子方向,探讨网络大数据文本内容分析的挑战和研究成果,最后指出未来大数据文本内容分析的一些研究方向和问题。 ",DSJU201503005
基于特征学习的文本大数据内容理解及其发展趋势,袁书寒:30628370|向阳:08967158|鄂世嘉:33805145,10,文本大数据; 特征学习; 内容理解;,"大数据中蕴含着重要的价值信息,文本大数据作为大数据的重要组成部分,是人类知识的主要载体。特征作为数据内在规律的反映,将文本大数据映射到反映数据本质的特征空间是文本大数据语义理解的重要手段。介绍了文本大数据的特征表示、特征学习,进而梳理了特征学习在文本大数据内容理解中的进展,最后阐述了基于特征学习的文本大数据内容理解未来的发展趋势。 ",DSJU201503006
社交网络影响力传播研究,陈卫:33805146,17,社交网络; 社会影响力; 影响力传播模型; 影响力最大化; 社会影响力学习; 病毒营销;,"随着互联网和大数据的研究应用日益广泛,对社交网络影响力传播的研究成为数据挖掘和社交网络分析中的热点。从影响力传播模型、影响力传播学习和影响力传播优化3个方面总结了近些年计算机科学领域对影响力传播研究的主要成果,展示了影响力传播研究中对随机模型、数据挖掘、算法优化和博弈论等技术的综合运用。最后,简要讨论了影响力传播研究和应用中存在的问题、挑战及今后的研究方向。 ",DSJU201503007
大数据流式计算:应用特征和技术挑战,孙大为:40030794,7,大数据; 流式计算; 应用特征; 在线调度; 系统容错;,"在大数据时代,数据的时效性日益突出,数据的流式特征更加明显,越来越多的应用场景需要部署在流式计算平台中。大数据流式计算作为大数据计算的一种形态,其重要性也不断提升。针对大数据环境中流式计算应用所呈现出的诸多鲜明特征进行了系统化的分析,并从系统架构的角度,给出了大数据流式计算系统构建的原则性策略。结合当前比较典型的流式计算平台,重点研究了当前大数据流式计算在在线环境下的资源调度和节点依赖环境下的容错策略等方面的技术挑战。 ",DSJU201503008
大数据容灾备份技术挑战和增量备份解决方案,"罗圣美1,2:22190000|李明1:29500108|叶郁文1:28845270",7,大数据; 备份; 恢复; 业务连续性;,"大数据已成为当前社会各界关注的焦点,是当前世界各国新一轮的科技竞争和综合国力较量的重点,必须做好大数据的容灾备份工作。为此,在分析大数据容灾备份现状的基础上,结合行业对大数据容灾备份需求,讨论了几种典型的技术解决方案及其优缺点,提出了一种基于HDFS的增量数据备份恢复方案,具备分钟级RPO的系统远程备份特性,可以较好地解决目前大数据容灾备份项目建设规划面临的实际需求。 ",DSJU201503009
大数据技术发展的十个前沿方向(中),吴甘沙:27041215,11, ,"<正>6前沿方向四:软硬兼施大数据计算的一个核心要义是软硬两手抓,从具体应用出发,仔细选择软硬件架构实现,并且在运行过程中持续不断地协同优化。首先,从大数据应用角度出发,硬件架构重点体现在计算、存储、互联。6.1计算硬件架构在计算这一块,首先要选择的是大小核。brawny cores是大核,主要是至强服务 ",DSJU201503010
大数据提升灾难信息管理水平,"李涛1,2,3:08770190|周绮凤4:09225559|郑理1:33805897|黄越5:33805898",6, ,"<正>1灾难信息管理灾难管理旨在有效地应对和避免自然灾害(如飓风、地震、海啸、火灾)及人为灾害(如战争、恐怖袭击)等紧急事件给社会和民众带来的财产损失和生命威胁[1]。近年来,随着自然灾害的不断发生、人为破坏和恐怖主义的蔓延,灾难管理和灾难恢复受到了越来越多的关注。如何能够快速准确地预测灾难发生的方式和类型,评估灾难的破坏程度和影响 ",DSJU201503011
数据科学家的大聚会——记2015第一届数据科学家大会,,1, ,"<正>2015年9月5日,国务院发布《促进大数据发展行动纲要》。""2015第一届数据科学家大会""于9月5-6日在上海召开。本次大会以""WHY数据科学家""为主题,讨论数据科学基础理论、网络空间和大数据、大数据面临的人才挑战、数据科学家培养等。著名科学家施伯乐先生、邬江兴院士、何友院士、金力院士及来自海内外220多位科学家参加了本次会议。参会人员涵盖了国内主要科研院所和大学,并涵盖了自然科学、社会科学、医学和人文 ",DSJU201503012
“大数据与社会治理”专刊征稿通知,,1, ,"<正>创新社会治理体制已成为推进国家治理体系和治理能力现代化的重要内容。互联网、云计算、大数据时代的来临,为推进国家治理体系和治理能力的现代化带来空前的重大变革与发展机遇。本专刊以""大数据与数据治理""为选题,将突出目前大数据理论、方法和技术在社会治理领域应用研究中的热点课题,如基础理论、支撑技术和应用示范等,发表国内外大数据技术在社会治理研究领域中具有典型性 ",DSJU201503013
导读,,1, ,"<正>数据中蕴含的是信息,有很强的外部性,多源数据的碰撞融合才能产生化学反应,从而释放更大的价值。据Gartner Group公司预测,到2017年,约2/3的大数据项目将是企业防火墙之外(外部数据)的整合。根据麦肯锡全球研究院预测,开放数据在全球的教育、交通运输、消费市场、电力、石油/天然气、医疗健康、消费金融等各个领域可以撬动3.2万亿到5.4万亿美元的经济价值。因此,发展大数据的理想条件之一就是让数 ",DSJU201502001
开放数据:概念、现状与机遇,,10,开放数据; 政府数据; 商业潜能; 商业模式;,"在""数据革命""时代,数据的自由流通最为关键,必须打破数据孤岛。为此,开放数据运动应运而生,这项运动将开源世界的开放理念移植到数据孤岛问题中,提倡并号召解锁政府、企业、非营利机构,甚至特定的个人数据。而现阶段,开放数据更多意味着打破最大的数据孤岛——开放政府数据。因此,聚焦于开放政府数据,系统地回顾并盘点了开放数据的基本概念、历史发展路径、国际现状、商业潜能以及中国发展现状和挑战。 ",DSJU201502002
我国政府数据开放现状和保障机制,,12,政府数据; 开放共享; 应用; 保障机制;,"基于国外政府数据开放的发展现状,总结了国外政府数据开放的重要特点,包括完善的法律法规体系、专业的数据开放网站和应用需求引导。从大数据时代数据开放的必然要求、提升政府治理能力和推动创新发展等角度,分析了我国政府数据开放的必要性。概括了我国政府数据开放在法律法规、体制机制、意识氛围和管理方式等方面的问题,并结合我国发展实际和大数据应用需求,分别从建设法规标准体系、数据开放共享方式方法、政府数据开放管理、数据安全和数据应用等角度提出对策建议。 ",DSJU201502003
数据开放与政府治理创新,潘永花:33539207,7,数据开放; 政府治理; 安全; 政策; 法律法规;,"云计算使得数据共享、流动、开放成为可能,数据成为激发新生产力的引擎。数据的角色从IT时代的产出物或者辅助角色转变为资产和生产要素,真正驱动大数据产业从概念进入实战阶段。为此,介绍了国内外数据开放的发展过程,讨论了我国政府治理面临的挑战及数据开放的重要价值,举例分析了国内外利用数据开放实现政府治理创新的实践与方向,阐述了我国政府数据开放面临的挑战,并提出了发展建议。 ",DSJU201502004
我国大数据交易的主要问题及建议,,11,大数据; 交易; 商品化; 数据开放; 隐私; 安全;,"数据的开放和流通是数据资源价值体现的前提和基础,我国数据交易市场仍处在发展的初级阶段,大数据在社会管理和经济发展中远未发挥应起到的作用。为此,对国内外大数据流通和交易市场的现状及特点进行了分析,提出当前我国大数据流通交易环节面临的主要问题是价值链条的不完整和对数据资源流通过程中商业秘密和个人隐私泄露的恐惧。最后,从数据商品化、社会认知建立和市场主体权益保护3个方面提出了对于推动数据资源流通的建议。 ",DSJU201502005
关于大数据交易核心法律问题——数据所有权的探讨,王融:35802435,7,数据; 产权; 限制性的所有权;,"清晰的产权归属是交易的前提与基础。然而,当前关于数据的产权归属问题还远未达成共识,特别是在去除个人身份属性的数据交易中,到底是数据主体(产生数据的个人)还是记录数据的企业拥有数据的所有权,各方莫衷一是。笔者提出的思路是:原始/底层的个人数据,所有权归用户本人所有;而在原始数据基础上,经过充分匿名化获得的数据集,企业享有限制性的所有权。 ",DSJU201502006
大数据时代的数据传输网,孙卫强:10561935|胡卫生:00119138,10,大数据网络; 电路/分组混合交换; 存储转发; 数据中心;,"大数据时代数据传输需求呈爆炸式增长,如何充分利用数据流的新特征,发挥不同交换方式的优势,是解决未来大数据传输的必由之路。为此,介绍了大数据传输在容量和能耗方面的挑战,并结合数据流的新特征,分析网络技术发展的新机遇。然后,回顾了近几年相关领域的研究进展,并简要介绍了笔者在混合交换和存储转发等方面正在开展的研究工作。 ",DSJU201502007
特异群组挖掘:框架与应用,"熊赟1,2:11508862|朱扬勇1,2:06710346",12,大数据; 数据挖掘; 特异群组; 聚类; 异常检测; 数据相似性;,"特异群组挖掘在证券金融、医疗保险、智能交通、社会网络和生命科学研究等领域具有重要应用价值。特异群组挖掘与聚类、异常挖掘都属于根据数据对象的相似性来划分数据集的数据挖掘任务,但是,特异群组挖掘在问题定义、算法设计和应用效果方面不同于聚类和异常等挖掘任务。为此,系统地阐述了特异群组挖掘任务,分析了特异群组挖掘任务与聚类、异常等任务之间的差异,给出了特异群组挖掘任务的形式化描述及其基础算法,最后,列举了特异群组挖掘的几个重点应用。 ",DSJU201502008
医疗健康大数据:应用实例与系统分析,"董诚1,2:33535354|林立1,2:22309322|金海1,2:07599718|廖小飞1,2:07591106",12,大数据; 医疗健康; 大数据分析;,"从大数据和医疗健康大数据的介绍出发,首先阐述了医疗健康行业所面临的挑战和大数据对医疗健康行业的促进作用;然后介绍了大数据和医疗健康行业的背景知识;之后举例说明了大数据在医疗健康行业的应用以及医疗健康大数据系统和关键技术。 ",DSJU201502009
数据科学与工程:大数据时代的新兴交叉学科,周傲英:21917016|钱卫宁:22305996|王长波:11228030,10,大数据; 数据科学与工程; 交叉学科; 万众创新; 人才培养;,"大数据时代的IT发展的基本特点是:应用驱动创新,开源加速创新,硬件助力创新。基于对这些特点的认识,从社会创新发展、人才需求变化、技术发展趋势等方面论述了数据科学与工程这一新兴交叉学科的发展必然性,进一步阐述了数据科学与工程学科的特点、学科内涵与知识体系,最后从科学研究、系统开发和人才培养的角度探讨了数据科学与工程学科的建设思路。 ",DSJU201502010
大数据技术发展的十个前沿方向(上),吴甘沙:27041215,12, ,"<正>1引言""大数据""的发展与IT产业其他领域的发展相辅相成,近年来互联网、移动互联网、物联网、云计算和高性能计算等方面的高速发展从内涵上不断推动大数据的技术演进,从外延上不断延展大数据的应用范围。多年来,笔者有幸接触国内外学术界和工业界的大数据研究,2014年底受清华数据科学研究院之邀,把所见、所得、所思总结为《大数据的十个技术前沿》的演讲。这次得到《大数据》杂志邀请,将其改 ",DSJU201502011
大数据发现银行贷款风险, ,4, ,"<正>最近几年,大数据的商业化应用开始逐步落地[1],其中,金融方面的大数据应用是被投资人最看好的大数据产业化方向,在个人征信、企业征信、客户画像与精准营销等方面都有成熟的应用。例如花旗银行通过挖掘信用卡数据,实现交叉营销。当客户每次刷卡时,银行根据时间、地点以及过往的购物记录,筛选并推送给客户周边商店、餐厅的折扣优惠,从而获得第二次交易价值。富国银行运用大数据识别欺诈行为,通过研究客户之间发生的历史交易, ",DSJU201502012
2015第三届中国大数据产业峰会成功举办探讨“数据创客”的现在与未来,,1, ,"<正>5月29日,2015第三届中国大数据产业峰会暨第四届IEEE国际大数据大会深圳分会在清华大学深圳研究生院学术报告厅隆重举行。会上,中国计算机学会理事长郑纬民表示,深圳是国内互联网产业发展最为活跃、集聚效应最优的地区之一,拥有腾讯、华为、中兴通讯、金蝶、华大基因等互联网和大数据领军企业。靠着创新,深圳将在互联网+浪潮中为中国经济转型做出新的榜样。 ",DSJU201502013
书讯,,1, ,"<正>书名:《大数据挖掘与机器学习:工业4.0时代重塑商业价值》书号:978-7-115-39736-2作者:【美】Jared Dean译者:林清怡定价:59元(估)出版社:人民邮电出版社出版日期:2015年9月内容概要:本书分为3个部分,共17章。第一部分""计算环境"",包括第1章到第3章。第二部分""将数据转化为商业价值"",包括第4章到第10章共7个章节。这一部分聚焦于数据挖掘活动中所要用到的方法、算法和路径。第三部分""将其全部结合起来的成功案例""包括从第11章到第 ",DSJU201502014
“大数据与社会治理”专刊征稿通知,,1, ,"<正>创新社会治理体制已成为推进国家治理体系和治理能力现代化的重要内容。互联网、云计算、大数据时代的来临,为推进国家治理体系和治理能力的现代化带来空前的重大变革与发展机遇。本专刊以""大数据与数据治理""为选题,将突出目前大数据理论、方法和技术在社会治理领域应用研究中的热点课题,如基础理论、支撑技术和应用示范等,发表国内外大数据技术在社会治理研究领域中具有典型性和创新性的高水平研究成果,深入探讨其理论方法与技术实践。 ",DSJU201502015
《大数据》第一届编委会一次会议在京召开,,2, ,"<正>《大数据》第一届编委会一次会议于2015年6月30日在北京召开。本届编委会共56位编委,郑纬民、程学旗、杜小勇、孙茂松、王晓丹等42位编委及人民邮电出版社和北京信通传媒有限责任公司的有关领导出席了此次编委会。此次《大数据》编委会由中国计算机学会理事长、《大数据》编委会主任委员郑纬民主持。对于一本新创科技期刊,编委会会议重点聚焦在《大数据》的期刊定位、内容组织、编委会工作机制及期刊未来两年的发展方向和具体措施。与会编委 ",DSJU201502016
《大数据》期刊创刊——系国内唯一聚焦大数据产业期刊,,2, ,"<正>5月26日下午,《大数据》期刊创刊仪式在贵阳数博会(贵阳国际会展中心登录大厅)举行,国内唯一一本聚焦大数据产业和研讨大数据的期刊诞生。创刊仪式由人民邮电出版社副总编辑刘华鲁主持,贵阳市市长助理、贵州大学贵阳创新驱动发展战略研究院院长、大数据战略重点实验室主任、《大数据》编委会委员连玉明代表贵阳市政府致辞,人民邮电出版社副社长、总编辑、《大数据》编委会副主任委员王晓丹,中 ",DSJU201502017
2015第一届数据科学家大会,,1, ,"<正>大数据时代,数据科学家是最紧缺的人才、是最性感的职业,WHY?数据科学家需要什么样的知识结构?如何培养数据科学家?是亟待解决的问题。数据科学是研究数据界的科学或关于数据的科学,是新兴科学,需要各领域科学家共同探讨数据科学家大会旨在搭建一个数据科学家交流平台.共同探讨数据科学的科学问题、学科建设和人才培养。2015年首届数据科学家大会以""WHY数据科学家""为主题,讨论数据科学理论、大数据技术、大数据人才挑战、数据科学家培养等。试图促进中国数据科学学科体系建设、推动数据科学专业设置和人才培养进程。 ",DSJU201502018
